Architecture,Source,Target,Seed,TP,FP,FN,TN,Precision,Recall,F1
EfficientNet-B0,METU,METU,42,299,0,1,300,1.0,0.9966666666666668,0.998330550918197
EfficientNet-B0,METU,METU,43,299,0,1,300,1.0,0.9966666666666668,0.998330550918197
EfficientNet-B0,METU,METU,44,298,0,2,300,1.0,0.9933333333333332,0.9966555183946488
EfficientNet-B0,METU,SDNET-Deck,42,58,2,242,298,0.9666666666666668,0.1933333333333333,0.3222222222222222
EfficientNet-B0,METU,SDNET-Deck,43,56,8,244,292,0.875,0.1866666666666666,0.3076923076923077
EfficientNet-B0,METU,SDNET-Deck,44,64,6,236,294,0.9142857142857144,0.2133333333333333,0.3459459459459459
EfficientNet-B0,METU,SDNET-Pavement,42,136,18,164,282,0.8831168831168831,0.4533333333333333,0.5991189427312775
EfficientNet-B0,METU,SDNET-Pavement,43,81,14,219,286,0.8526315789473684,0.27,0.410126582278481
EfficientNet-B0,METU,SDNET-Pavement,44,189,38,111,262,0.8325991189427313,0.63,0.7172675521821632
EfficientNet-B0,METU,SDNET-Wall,42,51,1,249,299,0.9807692307692308,0.17,0.2897727272727273
EfficientNet-B0,METU,SDNET-Wall,43,54,7,246,293,0.8852459016393442,0.18,0.299168975069252
EfficientNet-B0,METU,SDNET-Wall,44,65,6,235,294,0.9154929577464788,0.2166666666666666,0.3504043126684636
EfficientNet-B0,SDNET-Deck,METU,42,152,42,148,258,0.7835051546391752,0.5066666666666667,0.6153846153846154
EfficientNet-B0,SDNET-Deck,METU,43,140,18,160,282,0.8860759493670886,0.4666666666666667,0.611353711790393
EfficientNet-B0,SDNET-Deck,METU,44,117,9,183,291,0.9285714285714286,0.39,0.5492957746478874
EfficientNet-B0,SDNET-Deck,SDNET-Deck,42,221,57,79,243,0.7949640287769785,0.7366666666666667,0.7647058823529411
EfficientNet-B0,SDNET-Deck,SDNET-Deck,43,214,60,86,240,0.781021897810219,0.7133333333333334,0.7456445993031359
EfficientNet-B0,SDNET-Deck,SDNET-Deck,44,207,44,93,256,0.8247011952191236,0.69,0.7513611615245009
EfficientNet-B0,SDNET-Deck,SDNET-Pavement,42,160,27,140,273,0.8556149732620321,0.5333333333333333,0.6570841889117043
EfficientNet-B0,SDNET-Deck,SDNET-Pavement,43,130,43,170,257,0.7514450867052023,0.4333333333333333,0.5496828752642706
EfficientNet-B0,SDNET-Deck,SDNET-Pavement,44,96,17,204,283,0.8495575221238938,0.32,0.4648910411622276
EfficientNet-B0,SDNET-Deck,SDNET-Wall,42,176,27,124,273,0.8669950738916257,0.5866666666666667,0.6998011928429424
EfficientNet-B0,SDNET-Deck,SDNET-Wall,43,140,22,160,278,0.8641975308641975,0.4666666666666667,0.6060606060606061
EfficientNet-B0,SDNET-Deck,SDNET-Wall,44,139,14,161,286,0.9084967320261438,0.4633333333333333,0.6136865342163356
EfficientNet-B0,SDNET-Pavement,METU,42,272,8,28,292,0.9714285714285714,0.9066666666666666,0.9379310344827586
EfficientNet-B0,SDNET-Pavement,METU,43,275,36,25,264,0.8842443729903537,0.9166666666666666,0.900163666121113
EfficientNet-B0,SDNET-Pavement,METU,44,258,19,42,281,0.9314079422382672,0.86,0.8942807625649913
EfficientNet-B0,SDNET-Pavement,SDNET-Deck,42,161,21,139,279,0.8846153846153846,0.5366666666666666,0.6680497925311203
EfficientNet-B0,SDNET-Pavement,SDNET-Deck,43,138,30,162,270,0.8214285714285714,0.46,0.5897435897435898
EfficientNet-B0,SDNET-Pavement,SDNET-Deck,44,140,19,160,281,0.8805031446540881,0.4666666666666667,0.6100217864923747
EfficientNet-B0,SDNET-Pavement,SDNET-Pavement,42,252,34,48,266,0.8811188811188811,0.84,0.8600682593856656
EfficientNet-B0,SDNET-Pavement,SDNET-Pavement,43,249,41,51,259,0.8586206896551725,0.83,0.8440677966101695
EfficientNet-B0,SDNET-Pavement,SDNET-Pavement,44,243,42,57,258,0.8526315789473684,0.81,0.8307692307692308
EfficientNet-B0,SDNET-Pavement,SDNET-Wall,42,105,24,195,276,0.813953488372093,0.35,0.4895104895104895
EfficientNet-B0,SDNET-Pavement,SDNET-Wall,43,107,22,193,278,0.8294573643410853,0.3566666666666667,0.4988344988344988
EfficientNet-B0,SDNET-Pavement,SDNET-Wall,44,115,38,185,262,0.7516339869281046,0.3833333333333333,0.5077262693156733
EfficientNet-B0,SDNET-Wall,METU,42,220,119,80,181,0.6489675516224189,0.7333333333333333,0.6885758998435054
EfficientNet-B0,SDNET-Wall,METU,43,157,67,143,233,0.7008928571428571,0.5233333333333333,0.5992366412213741
EfficientNet-B0,SDNET-Wall,METU,44,137,52,163,248,0.7248677248677249,0.4566666666666666,0.5603271983640081
EfficientNet-B0,SDNET-Wall,SDNET-Deck,42,231,117,69,183,0.6637931034482759,0.77,0.7129629629629629
EfficientNet-B0,SDNET-Wall,SDNET-Deck,43,220,95,80,205,0.6984126984126984,0.7333333333333333,0.7154471544715447
EfficientNet-B0,SDNET-Wall,SDNET-Deck,44,210,132,90,168,0.6140350877192983,0.7,0.6542056074766355
EfficientNet-B0,SDNET-Wall,SDNET-Pavement,42,96,35,204,265,0.732824427480916,0.32,0.445475638051044
EfficientNet-B0,SDNET-Wall,SDNET-Pavement,43,185,103,115,197,0.6423611111111112,0.6166666666666667,0.6292517006802721
EfficientNet-B0,SDNET-Wall,SDNET-Pavement,44,112,62,188,238,0.6436781609195402,0.3733333333333333,0.4725738396624472
EfficientNet-B0,SDNET-Wall,SDNET-Wall,42,240,48,60,252,0.8333333333333334,0.8,0.8163265306122449
EfficientNet-B0,SDNET-Wall,SDNET-Wall,43,247,44,53,256,0.8487972508591065,0.8233333333333334,0.8358714043993232
EfficientNet-B0,SDNET-Wall,SDNET-Wall,44,236,46,64,254,0.8368794326241135,0.7866666666666666,0.8109965635738832
MobileNetV3-Small,METU,METU,42,300,0,0,300,1.0,1.0,1.0
MobileNetV3-Small,METU,METU,43,299,0,1,300,1.0,0.9966666666666668,0.998330550918197
MobileNetV3-Small,METU,METU,44,299,1,1,299,0.9966666666666668,0.9966666666666668,0.9966666666666668
MobileNetV3-Small,METU,SDNET-Deck,42,82,19,218,281,0.8118811881188119,0.2733333333333333,0.4089775561097257
MobileNetV3-Small,METU,SDNET-Deck,43,79,17,221,283,0.8229166666666666,0.2633333333333333,0.398989898989899
MobileNetV3-Small,METU,SDNET-Deck,44,45,11,255,289,0.8035714285714286,0.15,0.2528089887640449
MobileNetV3-Small,METU,SDNET-Pavement,42,179,43,121,257,0.8063063063063063,0.5966666666666667,0.685823754789272
MobileNetV3-Small,METU,SDNET-Pavement,43,140,27,160,273,0.8383233532934131,0.4666666666666667,0.5995717344753747
MobileNetV3-Small,METU,SDNET-Pavement,44,119,24,181,276,0.8321678321678322,0.3966666666666666,0.5372460496613995
MobileNetV3-Small,METU,SDNET-Wall,42,63,20,237,280,0.7590361445783133,0.21,0.3289817232375979
MobileNetV3-Small,METU,SDNET-Wall,43,95,9,205,291,0.9134615384615384,0.3166666666666666,0.4702970297029702
MobileNetV3-Small,METU,SDNET-Wall,44,39,1,261,299,0.975,0.13,0.2294117647058823
MobileNetV3-Small,SDNET-Deck,METU,42,151,24,149,276,0.8628571428571429,0.5033333333333333,0.6357894736842106
MobileNetV3-Small,SDNET-Deck,METU,43,219,34,81,266,0.8656126482213439,0.73,0.7920433996383364
MobileNetV3-Small,SDNET-Deck,METU,44,157,16,143,284,0.907514450867052,0.5233333333333333,0.6638477801268499
MobileNetV3-Small,SDNET-Deck,SDNET-Deck,42,235,48,65,252,0.8303886925795053,0.7833333333333333,0.8061749571183533
MobileNetV3-Small,SDNET-Deck,SDNET-Deck,43,253,68,47,232,0.7881619937694704,0.8433333333333334,0.8148148148148148
MobileNetV3-Small,SDNET-Deck,SDNET-Deck,44,228,50,72,250,0.8201438848920863,0.76,0.7889273356401384
MobileNetV3-Small,SDNET-Deck,SDNET-Pavement,42,95,23,205,277,0.8050847457627118,0.3166666666666666,0.4545454545454545
MobileNetV3-Small,SDNET-Deck,SDNET-Pavement,43,116,19,184,281,0.8592592592592593,0.3866666666666666,0.5333333333333333
MobileNetV3-Small,SDNET-Deck,SDNET-Pavement,44,103,14,197,286,0.8803418803418803,0.3433333333333333,0.4940047961630695
MobileNetV3-Small,SDNET-Deck,SDNET-Wall,42,160,22,140,278,0.8791208791208791,0.5333333333333333,0.6639004149377593
MobileNetV3-Small,SDNET-Deck,SDNET-Wall,43,192,36,108,264,0.8421052631578947,0.64,0.7272727272727273
MobileNetV3-Small,SDNET-Deck,SDNET-Wall,44,162,28,138,272,0.8526315789473684,0.54,0.6612244897959184
MobileNetV3-Small,SDNET-Pavement,METU,42,264,5,36,295,0.9814126394052044,0.88,0.9279437609841829
MobileNetV3-Small,SDNET-Pavement,METU,43,280,7,20,293,0.975609756097561,0.9333333333333332,0.9540034071550256
MobileNetV3-Small,SDNET-Pavement,METU,44,276,4,24,296,0.9857142857142858,0.92,0.9517241379310344
MobileNetV3-Small,SDNET-Pavement,SDNET-Deck,42,166,36,134,264,0.8217821782178217,0.5533333333333333,0.6613545816733067
MobileNetV3-Small,SDNET-Pavement,SDNET-Deck,43,173,28,127,272,0.8606965174129353,0.5766666666666667,0.6906187624750499
MobileNetV3-Small,SDNET-Pavement,SDNET-Deck,44,132,18,168,282,0.88,0.44,0.5866666666666667
MobileNetV3-Small,SDNET-Pavement,SDNET-Pavement,42,246,36,54,264,0.8723404255319149,0.82,0.845360824742268
MobileNetV3-Small,SDNET-Pavement,SDNET-Pavement,43,257,38,43,262,0.8711864406779661,0.8566666666666667,0.8638655462184874
MobileNetV3-Small,SDNET-Pavement,SDNET-Pavement,44,246,27,54,273,0.9010989010989012,0.82,0.8586387434554974
MobileNetV3-Small,SDNET-Pavement,SDNET-Wall,42,125,27,175,273,0.8223684210526315,0.4166666666666667,0.5530973451327433
MobileNetV3-Small,SDNET-Pavement,SDNET-Wall,43,134,26,166,274,0.8375,0.4466666666666666,0.5826086956521739
MobileNetV3-Small,SDNET-Pavement,SDNET-Wall,44,119,25,181,275,0.8263888888888888,0.3966666666666666,0.536036036036036
MobileNetV3-Small,SDNET-Wall,METU,42,207,40,93,260,0.8380566801619433,0.69,0.7568555758683729
MobileNetV3-Small,SDNET-Wall,METU,43,223,36,77,264,0.861003861003861,0.7433333333333333,0.7978533094812165
MobileNetV3-Small,SDNET-Wall,METU,44,188,48,112,252,0.7966101694915254,0.6266666666666667,0.7014925373134329
MobileNetV3-Small,SDNET-Wall,SDNET-Deck,42,244,106,56,194,0.6971428571428572,0.8133333333333334,0.7507692307692307
MobileNetV3-Small,SDNET-Wall,SDNET-Deck,43,231,80,69,220,0.7427652733118971,0.77,0.7561374795417348
MobileNetV3-Small,SDNET-Wall,SDNET-Deck,44,217,63,83,237,0.775,0.7233333333333334,0.7482758620689656
MobileNetV3-Small,SDNET-Wall,SDNET-Pavement,42,210,117,90,183,0.6422018348623854,0.7,0.6698564593301436
MobileNetV3-Small,SDNET-Wall,SDNET-Pavement,43,188,48,112,252,0.7966101694915254,0.6266666666666667,0.7014925373134329
MobileNetV3-Small,SDNET-Wall,SDNET-Pavement,44,186,80,114,220,0.6992481203007519,0.62,0.657243816254417
MobileNetV3-Small,SDNET-Wall,SDNET-Wall,42,253,71,47,229,0.7808641975308642,0.8433333333333334,0.8108974358974359
MobileNetV3-Small,SDNET-Wall,SDNET-Wall,43,234,30,66,270,0.8863636363636364,0.78,0.8297872340425532
MobileNetV3-Small,SDNET-Wall,SDNET-Wall,44,229,36,71,264,0.8641509433962264,0.7633333333333333,0.8106194690265487
ResNet-18,METU,METU,42,300,0,0,300,1.0,1.0,1.0
ResNet-18,METU,METU,43,300,0,0,300,1.0,1.0,1.0
ResNet-18,METU,METU,44,300,1,0,299,0.9966777408637874,1.0,0.9983361064891848
ResNet-18,METU,SDNET-Deck,42,61,16,239,284,0.7922077922077922,0.2033333333333333,0.3236074270557029
ResNet-18,METU,SDNET-Deck,43,77,17,223,283,0.8191489361702128,0.2566666666666666,0.3908629441624365
ResNet-18,METU,SDNET-Deck,44,58,16,242,284,0.7837837837837838,0.1933333333333333,0.3101604278074866
ResNet-18,METU,SDNET-Pavement,42,192,45,108,255,0.810126582278481,0.64,0.7150837988826816
ResNet-18,METU,SDNET-Pavement,43,185,34,115,266,0.8447488584474886,0.6166666666666667,0.7129094412331407
ResNet-18,METU,SDNET-Pavement,44,165,36,135,264,0.8208955223880597,0.55,0.6586826347305389
ResNet-18,METU,SDNET-Wall,42,57,8,243,292,0.8769230769230769,0.19,0.3123287671232876
ResNet-18,METU,SDNET-Wall,43,71,5,229,295,0.9342105263157896,0.2366666666666666,0.3776595744680851
ResNet-18,METU,SDNET-Wall,44,54,3,246,297,0.9473684210526316,0.18,0.3025210084033613
ResNet-18,SDNET-Deck,METU,42,206,28,94,272,0.8803418803418803,0.6866666666666666,0.7715355805243446
ResNet-18,SDNET-Deck,METU,43,266,47,34,253,0.8498402555910544,0.8866666666666667,0.867862969004894
ResNet-18,SDNET-Deck,METU,44,214,32,86,268,0.8699186991869918,0.7133333333333334,0.7838827838827839
ResNet-18,SDNET-Deck,SDNET-Deck,42,229,46,71,254,0.8327272727272728,0.7633333333333333,0.7965217391304348
ResNet-18,SDNET-Deck,SDNET-Deck,43,239,46,61,254,0.8385964912280702,0.7966666666666666,0.8170940170940171
ResNet-18,SDNET-Deck,SDNET-Deck,44,246,60,54,240,0.803921568627451,0.82,0.8118811881188119
ResNet-18,SDNET-Deck,SDNET-Pavement,42,135,8,165,292,0.944055944055944,0.45,0.6094808126410836
ResNet-18,SDNET-Deck,SDNET-Pavement,43,157,14,143,286,0.9181286549707602,0.5233333333333333,0.6666666666666666
ResNet-18,SDNET-Deck,SDNET-Pavement,44,98,9,202,291,0.9158878504672896,0.3266666666666666,0.4815724815724815
ResNet-18,SDNET-Deck,SDNET-Wall,42,172,14,128,286,0.9247311827956988,0.5733333333333334,0.7078189300411523
ResNet-18,SDNET-Deck,SDNET-Wall,43,175,19,125,281,0.9020618556701032,0.5833333333333334,0.708502024291498
ResNet-18,SDNET-Deck,SDNET-Wall,44,190,30,110,270,0.8636363636363636,0.6333333333333333,0.7307692307692307
ResNet-18,SDNET-Pavement,METU,42,274,11,26,289,0.9614035087719298,0.9133333333333332,0.9367521367521368
ResNet-18,SDNET-Pavement,METU,43,287,4,13,296,0.986254295532646,0.9566666666666668,0.9712351945854484
ResNet-18,SDNET-Pavement,METU,44,282,2,18,298,0.9929577464788732,0.94,0.9657534246575342
ResNet-18,SDNET-Pavement,SDNET-Deck,42,178,18,122,282,0.9081632653061223,0.5933333333333334,0.717741935483871
ResNet-18,SDNET-Pavement,SDNET-Deck,43,192,27,108,273,0.8767123287671232,0.64,0.7398843930635838
ResNet-18,SDNET-Pavement,SDNET-Deck,44,163,29,137,271,0.8489583333333334,0.5433333333333333,0.6626016260162602
ResNet-18,SDNET-Pavement,SDNET-Pavement,42,257,35,43,265,0.8801369863013698,0.8566666666666667,0.8682432432432432
ResNet-18,SDNET-Pavement,SDNET-Pavement,43,257,29,43,271,0.8986013986013986,0.8566666666666667,0.8771331058020477
ResNet-18,SDNET-Pavement,SDNET-Pavement,44,261,35,39,265,0.8817567567567568,0.87,0.8758389261744967
ResNet-18,SDNET-Pavement,SDNET-Wall,42,139,29,161,271,0.8273809523809523,0.4633333333333333,0.594017094017094
ResNet-18,SDNET-Pavement,SDNET-Wall,43,152,19,148,281,0.8888888888888888,0.5066666666666667,0.6454352441613588
ResNet-18,SDNET-Pavement,SDNET-Wall,44,121,13,179,287,0.9029850746268656,0.4033333333333333,0.5576036866359447
ResNet-18,SDNET-Wall,METU,42,258,52,42,248,0.832258064516129,0.86,0.8459016393442623
ResNet-18,SDNET-Wall,METU,43,279,52,21,248,0.8429003021148036,0.93,0.884310618066561
ResNet-18,SDNET-Wall,METU,44,251,41,49,259,0.8595890410958904,0.8366666666666667,0.847972972972973
ResNet-18,SDNET-Wall,SDNET-Deck,42,234,74,66,226,0.7597402597402597,0.78,0.7697368421052632
ResNet-18,SDNET-Wall,SDNET-Deck,43,227,61,73,239,0.7881944444444444,0.7566666666666667,0.7721088435374149
ResNet-18,SDNET-Wall,SDNET-Deck,44,235,86,65,214,0.7320872274143302,0.7833333333333333,0.7568438003220612
ResNet-18,SDNET-Wall,SDNET-Pavement,42,225,51,75,249,0.8152173913043478,0.75,0.78125
ResNet-18,SDNET-Wall,SDNET-Pavement,43,216,49,84,251,0.8150943396226416,0.72,0.7646017699115044
ResNet-18,SDNET-Wall,SDNET-Pavement,44,233,58,67,242,0.8006872852233677,0.7766666666666666,0.7884940778341794
ResNet-18,SDNET-Wall,SDNET-Wall,42,243,26,57,274,0.9033457249070632,0.81,0.8541300527240774
ResNet-18,SDNET-Wall,SDNET-Wall,43,252,34,48,266,0.8811188811188811,0.84,0.8600682593856656
ResNet-18,SDNET-Wall,SDNET-Wall,44,236,35,64,265,0.8708487084870848,0.7866666666666666,0.8266199649737302
ViT-Tiny,METU,METU,42,299,0,1,300,1.0,0.9966666666666668,0.998330550918197
ViT-Tiny,METU,METU,43,299,0,1,300,1.0,0.9966666666666668,0.998330550918197
ViT-Tiny,METU,METU,44,299,0,1,300,1.0,0.9966666666666668,0.998330550918197
ViT-Tiny,METU,SDNET-Deck,42,69,20,231,280,0.7752808988764045,0.23,0.3547557840616966
ViT-Tiny,METU,SDNET-Deck,43,62,16,238,284,0.7948717948717948,0.2066666666666666,0.328042328042328
ViT-Tiny,METU,SDNET-Deck,44,49,14,251,286,0.7777777777777778,0.1633333333333333,0.2699724517906336
ViT-Tiny,METU,SDNET-Pavement,42,173,56,127,244,0.7554585152838428,0.5766666666666667,0.6540642722117203
ViT-Tiny,METU,SDNET-Pavement,43,200,40,100,260,0.8333333333333334,0.6666666666666666,0.7407407407407407
ViT-Tiny,METU,SDNET-Pavement,44,197,57,103,243,0.7755905511811023,0.6566666666666666,0.7111913357400722
ViT-Tiny,METU,SDNET-Wall,42,67,2,233,298,0.9710144927536232,0.2233333333333333,0.3631436314363143
ViT-Tiny,METU,SDNET-Wall,43,64,3,236,297,0.9552238805970148,0.2133333333333333,0.3487738419618528
ViT-Tiny,METU,SDNET-Wall,44,55,4,245,296,0.9322033898305084,0.1833333333333333,0.3064066852367688
ViT-Tiny,SDNET-Deck,METU,42,132,31,168,269,0.8098159509202454,0.44,0.5701943844492441
ViT-Tiny,SDNET-Deck,METU,43,158,38,142,262,0.8061224489795918,0.5266666666666666,0.6370967741935484
ViT-Tiny,SDNET-Deck,METU,44,124,76,176,224,0.62,0.4133333333333333,0.496
ViT-Tiny,SDNET-Deck,SDNET-Deck,42,220,33,80,267,0.8695652173913043,0.7333333333333333,0.7956600361663653
ViT-Tiny,SDNET-Deck,SDNET-Deck,43,234,44,66,256,0.841726618705036,0.78,0.8096885813148789
ViT-Tiny,SDNET-Deck,SDNET-Deck,44,228,53,72,247,0.8113879003558719,0.76,0.7848537005163512
ViT-Tiny,SDNET-Deck,SDNET-Pavement,42,171,29,129,271,0.855,0.57,0.684
ViT-Tiny,SDNET-Deck,SDNET-Pavement,43,203,58,97,242,0.7777777777777778,0.6766666666666666,0.7237076648841355
ViT-Tiny,SDNET-Deck,SDNET-Pavement,44,197,55,103,245,0.7817460317460317,0.6566666666666666,0.7137681159420289
ViT-Tiny,SDNET-Deck,SDNET-Wall,42,178,23,122,277,0.8855721393034826,0.5933333333333334,0.7105788423153693
ViT-Tiny,SDNET-Deck,SDNET-Wall,43,182,32,118,268,0.8504672897196262,0.6066666666666667,0.708171206225681
ViT-Tiny,SDNET-Deck,SDNET-Wall,44,153,30,147,270,0.8360655737704918,0.51,0.6335403726708074
ViT-Tiny,SDNET-Pavement,METU,42,288,16,12,284,0.9473684210526316,0.96,0.9536423841059604
ViT-Tiny,SDNET-Pavement,METU,43,295,17,5,283,0.9455128205128204,0.9833333333333332,0.9640522875816994
ViT-Tiny,SDNET-Pavement,METU,44,284,21,16,279,0.9311475409836064,0.9466666666666668,0.9388429752066116
ViT-Tiny,SDNET-Pavement,SDNET-Deck,42,212,35,88,265,0.8582995951417004,0.7066666666666667,0.7751371115173674
ViT-Tiny,SDNET-Pavement,SDNET-Deck,43,161,28,139,272,0.8518518518518519,0.5366666666666666,0.6584867075664622
ViT-Tiny,SDNET-Pavement,SDNET-Deck,44,190,34,110,266,0.8482142857142857,0.6333333333333333,0.7251908396946565
ViT-Tiny,SDNET-Pavement,SDNET-Pavement,42,261,40,39,260,0.867109634551495,0.87,0.8685524126455907
ViT-Tiny,SDNET-Pavement,SDNET-Pavement,43,231,41,69,259,0.8492647058823529,0.77,0.8076923076923077
ViT-Tiny,SDNET-Pavement,SDNET-Pavement,44,255,40,45,260,0.864406779661017,0.85,0.8571428571428571
ViT-Tiny,SDNET-Pavement,SDNET-Wall,42,162,27,138,273,0.8571428571428571,0.54,0.6625766871165644
ViT-Tiny,SDNET-Pavement,SDNET-Wall,43,129,30,171,270,0.8113207547169812,0.43,0.5620915032679739
ViT-Tiny,SDNET-Pavement,SDNET-Wall,44,169,39,131,261,0.8125,0.5633333333333334,0.6653543307086615
ViT-Tiny,SDNET-Wall,METU,42,199,21,101,279,0.9045454545454544,0.6633333333333333,0.7653846153846153
ViT-Tiny,SDNET-Wall,METU,43,234,27,66,273,0.896551724137931,0.78,0.8342245989304813
ViT-Tiny,SDNET-Wall,METU,44,134,24,166,276,0.8481012658227848,0.4466666666666666,0.5851528384279476
ViT-Tiny,SDNET-Wall,SDNET-Deck,42,252,120,48,180,0.6774193548387096,0.84,0.75
ViT-Tiny,SDNET-Wall,SDNET-Deck,43,271,162,29,138,0.625866050808314,0.9033333333333332,0.7394270122783083
ViT-Tiny,SDNET-Wall,SDNET-Deck,44,266,177,34,123,0.600451467268623,0.8866666666666667,0.7160161507402423
ViT-Tiny,SDNET-Wall,SDNET-Pavement,42,222,90,78,210,0.7115384615384616,0.74,0.7254901960784313
ViT-Tiny,SDNET-Wall,SDNET-Pavement,43,261,136,39,164,0.6574307304785895,0.87,0.7489239598278336
ViT-Tiny,SDNET-Wall,SDNET-Pavement,44,221,74,79,226,0.7491525423728813,0.7366666666666667,0.7428571428571429
ViT-Tiny,SDNET-Wall,SDNET-Wall,42,231,26,69,274,0.8988326848249028,0.77,0.829443447037702
ViT-Tiny,SDNET-Wall,SDNET-Wall,43,258,74,42,226,0.7771084337349398,0.86,0.8164556962025317
ViT-Tiny,SDNET-Wall,SDNET-Wall,44,232,42,68,258,0.8467153284671532,0.7733333333333333,0.8083623693379791
