arquitectura,semilla,dominio_excluido,epoca,perdida_train,f1_val,exactitud_val
resnet18,42,sdnet_D,0,0.5314436728613717,0.8309859154929577,0.84
resnet18,42,sdnet_D,1,0.3085976461001805,0.8426763110307414,0.855
resnet18,42,sdnet_D,2,0.2401300263404846,0.8814159292035398,0.8883333333333333
resnet18,42,sdnet_D,3,0.1898707227196012,0.8788927335640139,0.8833333333333333
resnet18,42,sdnet_D,4,0.1403880097184862,0.899488926746167,0.9016666666666666
resnet18,42,sdnet_D,5,0.11603811613151,0.8881118881118881,0.8933333333333333
resnet18,42,sdnet_D,6,0.0851420215410845,0.9025641025641026,0.905
resnet18,42,sdnet_D,7,0.0708379705037389,0.9072164948453608,0.91
resnet18,42,sdnet_D,8,0.0608467104605266,0.8998302207130731,0.9016666666666666
resnet18,42,sdnet_D,9,0.0562111649342945,0.9010238907849828,0.9033333333333332
resnet18,42,sdnet_D,10,0.045494554181184,0.9087837837837838,0.91
resnet18,42,sdnet_D,11,0.0425338110221283,0.9090909090909092,0.91
resnet18,42,sdnet_P,0,0.5456122514179774,0.8364779874213837,0.8266666666666667
resnet18,42,sdnet_P,1,0.3375952509471348,0.8523364485981308,0.8683333333333333
resnet18,42,sdnet_P,2,0.2751344558170863,0.8467153284671532,0.86
resnet18,42,sdnet_P,3,0.2261372636897223,0.8275862068965517,0.85
resnet18,42,sdnet_P,4,0.1928063962289265,0.8723404255319149,0.88
resnet18,42,sdnet_P,5,0.1468911066225597,0.8630849220103987,0.8683333333333333
resnet18,42,sdnet_P,6,0.1196502251284463,0.8621291448516579,0.8683333333333333
resnet18,42,sdnet_P,7,0.0934987843036651,0.8685121107266436,0.8733333333333333
resnet18,42,sdnet_W,0,0.5399595260620117,0.8489932885906041,0.85
resnet18,42,sdnet_W,1,0.3236710817473275,0.8778761061946903,0.885
resnet18,42,sdnet_W,2,0.2539069134848458,0.8837209302325582,0.8916666666666667
resnet18,42,sdnet_W,3,0.2119820019177028,0.8837209302325582,0.8916666666666667
resnet18,42,sdnet_W,4,0.1633554188268525,0.8980322003577818,0.905
resnet18,42,sdnet_W,5,0.1338984041554587,0.8958333333333334,0.9
resnet18,42,sdnet_W,6,0.1036318774095603,0.8984509466437177,0.9016666666666666
resnet18,42,sdnet_W,7,0.0839659132276262,0.8981001727115717,0.9016666666666666
resnet18,42,sdnet_W,8,0.0649950413618768,0.8993055555555556,0.9033333333333332
resnet18,42,sdnet_W,9,0.062755131976945,0.9087779690189328,0.9116666666666666
resnet18,42,sdnet_W,10,0.0563394162271704,0.9032258064516128,0.905
resnet18,42,sdnet_W,11,0.0504876261949539,0.9112627986348124,0.9133333333333332
resnet18,42,metu,0,0.6076211711338588,0.7365439093484419,0.69
resnet18,42,metu,1,0.4387410376753126,0.8020833333333334,0.81
resnet18,42,metu,2,0.3521269316332681,0.7984934086629002,0.8216666666666667
resnet18,42,metu,3,0.2909914839267731,0.7843137254901961,0.8166666666666667
resnet18,42,metu,4,0.2396156420878001,0.8256880733944955,0.8416666666666667
resnet18,42,metu,5,0.1892600911855697,0.8175675675675675,0.82
resnet18,42,metu,6,0.1605716390269143,0.8283185840707965,0.8383333333333334
resnet18,42,metu,7,0.1297298182759966,0.8291814946619217,0.84
resnet18,42,metu,8,0.1113526631253106,0.8359788359788359,0.845
resnet18,42,metu,9,0.1002777251175471,0.8348134991119005,0.845
resnet18,42,metu,10,0.0947709709831646,0.8408304498269896,0.8466666666666667
resnet18,42,metu,11,0.0855471170800072,0.8417391304347827,0.8483333333333334
resnet18,43,sdnet_D,0,0.5590335530894143,0.8371335504885994,0.8333333333333334
resnet18,43,sdnet_D,1,0.3074577491624015,0.8923076923076924,0.895
resnet18,43,sdnet_D,2,0.2276558882849557,0.883248730964467,0.885
resnet18,43,sdnet_D,3,0.1724714506523949,0.899488926746167,0.9016666666666666
resnet18,43,sdnet_D,4,0.1420104544503348,0.9096989966555185,0.91
resnet18,43,sdnet_D,5,0.103726084104606,0.893542757417103,0.8983333333333333
resnet18,43,sdnet_D,6,0.1004868719194616,0.8934707903780069,0.8966666666666666
resnet18,43,sdnet_D,7,0.0732641369530132,0.906896551724138,0.91
resnet18,43,sdnet_P,0,0.5633046613420759,0.8143525741029641,0.8016666666666666
resnet18,43,sdnet_P,1,0.3528737299782889,0.7831325301204819,0.82
resnet18,43,sdnet_P,2,0.2808615064620972,0.8538205980066446,0.8533333333333334
resnet18,43,sdnet_P,3,0.2367630681821278,0.8535262206148282,0.865
resnet18,43,sdnet_P,4,0.1816204455069133,0.8566243194192378,0.8683333333333333
resnet18,43,sdnet_P,5,0.1562275128279413,0.8756388415672913,0.8783333333333333
resnet18,43,sdnet_P,6,0.1319981879421642,0.8754325259515571,0.88
resnet18,43,sdnet_P,7,0.0946361387627465,0.8739205526770294,0.8783333333333333
resnet18,43,sdnet_P,8,0.0799832269975117,0.8754325259515571,0.88
resnet18,43,sdnet_W,0,0.5526060690198625,0.8027923211169284,0.8116666666666666
resnet18,43,sdnet_W,1,0.3277416809967586,0.7951807228915663,0.83
resnet18,43,sdnet_W,2,0.258620753458568,0.9065743944636678,0.91
resnet18,43,sdnet_W,3,0.200906621984073,0.8936936936936937,0.9016666666666666
resnet18,43,sdnet_W,4,0.1624875074625015,0.8933092224231465,0.9016666666666666
resnet18,43,sdnet_W,5,0.1265365173135485,0.9090909090909092,0.9083333333333332
resnet18,43,sdnet_W,6,0.1202415984017508,0.91005291005291,0.915
resnet18,43,sdnet_W,7,0.0850582287141255,0.9131944444444444,0.9166666666666666
resnet18,43,sdnet_W,8,0.0680068823269435,0.9155405405405406,0.9166666666666666
resnet18,43,sdnet_W,9,0.0562268425524234,0.8984509466437177,0.9016666666666666
resnet18,43,sdnet_W,10,0.0534697573951312,0.9065743944636678,0.91
resnet18,43,sdnet_W,11,0.0573268676655633,0.8972602739726028,0.9
resnet18,43,metu,0,0.6344492663655962,0.7599364069952306,0.7483333333333333
resnet18,43,metu,1,0.454359712600708,0.7805825242718447,0.8116666666666666
resnet18,43,metu,2,0.3514515372685023,0.8048780487804879,0.8133333333333334
resnet18,43,metu,3,0.2964270373753139,0.8256578947368421,0.8233333333333334
resnet18,43,metu,4,0.2410341996806008,0.8280467445742905,0.8283333333333334
resnet18,43,metu,5,0.2065540848459516,0.8350877192982457,0.8433333333333334
resnet18,43,metu,6,0.1761425657783235,0.8385964912280702,0.8466666666666667
resnet18,43,metu,7,0.1345888904162815,0.8408304498269896,0.8466666666666667
resnet18,43,metu,8,0.1159782003930636,0.8446771378708552,0.8516666666666667
resnet18,43,metu,9,0.1006395620533398,0.8430335097001763,0.8516666666666667
resnet18,43,metu,10,0.0956077292987278,0.8409893992932862,0.85
resnet18,43,metu,11,0.0945767431599753,0.8452173913043478,0.8516666666666667
resnet18,44,sdnet_D,0,0.5578176886694772,0.8247422680412371,0.8016666666666666
resnet18,44,sdnet_D,1,0.3134883485521589,0.8576512455516014,0.8666666666666667
resnet18,44,sdnet_D,2,0.2270037248304912,0.864963503649635,0.8766666666666667
resnet18,44,sdnet_D,3,0.1755579435825348,0.9003436426116839,0.9033333333333332
resnet18,44,sdnet_D,4,0.1452285987138748,0.9055944055944056,0.91
resnet18,44,sdnet_D,5,0.1026330322452954,0.8984509466437177,0.9016666666666666
resnet18,44,sdnet_D,6,0.0813921332785061,0.902027027027027,0.9033333333333332
resnet18,44,sdnet_D,7,0.0650398950065885,0.8993288590604027,0.9
resnet18,44,sdnet_P,0,0.5700785771438054,0.8216039279869067,0.8183333333333334
resnet18,44,sdnet_P,1,0.3421494206360408,0.8576512455516014,0.8666666666666667
resnet18,44,sdnet_P,2,0.272984014068331,0.8507462686567164,0.8666666666666667
resnet18,44,sdnet_P,3,0.2287164757932935,0.8687943262411347,0.8766666666666667
resnet18,44,sdnet_P,4,0.194268860561507,0.8733944954128441,0.885
resnet18,44,sdnet_P,5,0.1508383093561445,0.8672566371681416,0.875
resnet18,44,sdnet_P,6,0.1215379721352032,0.8934707903780069,0.8966666666666666
resnet18,44,sdnet_P,7,0.0988437989354133,0.8700361010830325,0.88
resnet18,44,sdnet_P,8,0.0788225484745843,0.8743545611015491,0.8783333333333333
resnet18,44,sdnet_P,9,0.0671763113992554,0.8805460750853242,0.8833333333333333
resnet18,44,sdnet_W,0,0.5638983612401145,0.8445945945945946,0.8466666666666667
resnet18,44,sdnet_W,1,0.3280673033850533,0.8617594254937163,0.8716666666666667
resnet18,44,sdnet_W,2,0.2493489750794002,0.8697247706422019,0.8816666666666667
resnet18,44,sdnet_W,3,0.2050497775418417,0.9006849315068494,0.9033333333333332
resnet18,44,sdnet_W,4,0.1735372982706342,0.8791208791208791,0.89
resnet18,44,sdnet_W,5,0.1395968539374215,0.9,0.9033333333333332
resnet18,44,sdnet_W,6,0.1078587421349116,0.902229845626072,0.905
resnet18,44,sdnet_W,7,0.0877251524158886,0.9046793760831888,0.9083333333333332
resnet18,44,sdnet_W,8,0.0807568089025361,0.8993055555555556,0.9033333333333332
resnet18,44,sdnet_W,9,0.0698661372065544,0.902439024390244,0.9066666666666666
resnet18,44,sdnet_W,10,0.0595539617538452,0.8981001727115717,0.9016666666666666
resnet18,44,metu,0,0.6274329045840672,0.7517934002869441,0.7116666666666667
resnet18,44,metu,1,0.4455341987950461,0.8051001821493625,0.8216666666666667
resnet18,44,metu,2,0.3499645173549652,0.7739463601532567,0.8033333333333333
resnet18,44,metu,3,0.2923167639119284,0.8321678321678322,0.84
resnet18,44,metu,4,0.2416904594217027,0.8081936685288641,0.8283333333333334
resnet18,44,metu,5,0.1997526962416512,0.8180112570356473,0.8383333333333334
resnet18,44,metu,6,0.1652929378407342,0.8324514991181657,0.8416666666666667
resnet18,44,metu,7,0.1434551207508359,0.8333333333333334,0.8433333333333334
resnet18,44,metu,8,0.1199908365096364,0.840630472854641,0.8483333333333334
resnet18,44,metu,9,0.1078792887500354,0.8318890814558059,0.8383333333333334
resnet18,44,metu,10,0.0938644864303725,0.8321678321678322,0.84
resnet18,44,metu,11,0.0988512625013079,0.8382608695652174,0.845
efficientnet_b0,42,sdnet_D,0,1.258639110837664,0.8450244698205547,0.8416666666666667
efficientnet_b0,42,sdnet_D,1,0.3331151533978326,0.8469055374592834,0.8433333333333334
efficientnet_b0,42,sdnet_D,2,0.1402112503988402,0.8692699490662139,0.8716666666666667
efficientnet_b0,42,sdnet_D,3,0.0802143633365631,0.8697068403908795,0.8666666666666667
efficientnet_b0,42,sdnet_D,4,0.048169662952423,0.8756388415672913,0.8783333333333333
efficientnet_b0,42,sdnet_D,5,0.0490137419530323,0.8790849673202614,0.8766666666666667
efficientnet_b0,42,sdnet_D,6,0.0264629687155996,0.875,0.8766666666666667
efficientnet_b0,42,sdnet_D,7,0.0140062931592443,0.8802698145025295,0.8816666666666667
efficientnet_b0,42,sdnet_D,8,0.0164171769363539,0.8870151770657673,0.8883333333333333
efficientnet_b0,42,sdnet_D,9,0.0139758901085172,0.8805460750853242,0.8833333333333333
efficientnet_b0,42,sdnet_D,10,0.007886856582814,0.8859060402684564,0.8866666666666667
efficientnet_b0,42,sdnet_D,11,0.0113070198880242,0.8833333333333333,0.8833333333333333
efficientnet_b0,42,sdnet_P,0,1.1789905861445835,0.8110918544194108,0.8183333333333334
efficientnet_b0,42,sdnet_P,1,0.324738603745188,0.831918505942275,0.835
efficientnet_b0,42,sdnet_P,2,0.1571401671852384,0.8270944741532977,0.8383333333333334
efficientnet_b0,42,sdnet_P,3,0.0930867972118514,0.8441330998248686,0.8516666666666667
efficientnet_b0,42,sdnet_P,4,0.0502325567815985,0.8239564428312159,0.8383333333333334
efficientnet_b0,42,sdnet_P,5,0.0295775795461876,0.8368794326241135,0.8466666666666667
efficientnet_b0,42,sdnet_P,6,0.0202035184044923,0.8501742160278746,0.8566666666666667
efficientnet_b0,42,sdnet_P,7,0.0166645846143364,0.8596491228070176,0.8666666666666667
efficientnet_b0,42,sdnet_P,8,0.0137184427479015,0.8487972508591065,0.8533333333333334
efficientnet_b0,42,sdnet_P,9,0.0075585172425157,0.8413793103448276,0.8466666666666667
efficientnet_b0,42,sdnet_P,10,0.0110889644275552,0.8502581755593803,0.855
efficientnet_b0,42,sdnet_W,0,1.2183678082057408,0.8290155440414507,0.835
efficientnet_b0,42,sdnet_W,1,0.3209050394807543,0.8714524207011686,0.8716666666666667
efficientnet_b0,42,sdnet_W,2,0.1671266140256609,0.8817567567567568,0.8833333333333333
efficientnet_b0,42,sdnet_W,3,0.1156044938308852,0.8881118881118881,0.8933333333333333
efficientnet_b0,42,sdnet_W,4,0.0524168398976326,0.8954703832752613,0.9
efficientnet_b0,42,sdnet_W,5,0.0294301840343645,0.8896551724137931,0.8933333333333333
efficientnet_b0,42,sdnet_W,6,0.0224978890482868,0.893760539629005,0.895
efficientnet_b0,42,sdnet_W,7,0.0137099291570484,0.9081455805892548,0.9116666666666666
efficientnet_b0,42,sdnet_W,8,0.0093060869191374,0.8888888888888888,0.89
efficientnet_b0,42,sdnet_W,9,0.0086674217653593,0.8969072164948454,0.9
efficientnet_b0,42,sdnet_W,10,0.0090019460248627,0.8972602739726028,0.9
efficientnet_b0,42,metu,0,1.580228618213109,0.7779527559055118,0.765
efficientnet_b0,42,metu,1,0.5723071428707668,0.7788778877887789,0.7766666666666666
efficientnet_b0,42,metu,2,0.2983365799699511,0.799347471451876,0.795
efficientnet_b0,42,metu,3,0.1612884401849338,0.7910189982728842,0.7983333333333333
efficientnet_b0,42,metu,4,0.1040386698075703,0.7845884413309983,0.795
efficientnet_b0,42,metu,5,0.071745821950691,0.8068376068376069,0.8116666666666666
efficientnet_b0,42,metu,6,0.0472071979301316,0.797945205479452,0.8033333333333333
efficientnet_b0,42,metu,7,0.0342914891562291,0.8148148148148148,0.8166666666666667
efficientnet_b0,42,metu,8,0.0202488598706466,0.8026981450252951,0.805
efficientnet_b0,42,metu,9,0.0170514882036617,0.8187919463087249,0.82
efficientnet_b0,42,metu,10,0.0233240487692611,0.8174204355108877,0.8183333333333334
efficientnet_b0,42,metu,11,0.0123245057437036,0.8094435075885329,0.8116666666666666
efficientnet_b0,43,sdnet_D,0,1.2044904163905552,0.8483870967741935,0.8433333333333334
efficientnet_b0,43,sdnet_D,1,0.2813779992716653,0.8536155202821869,0.8616666666666667
efficientnet_b0,43,sdnet_D,2,0.1150145887902804,0.8692699490662139,0.8716666666666667
efficientnet_b0,43,sdnet_D,3,0.0665917085749762,0.8851351351351351,0.8866666666666667
efficientnet_b0,43,sdnet_D,4,0.0512019438402993,0.8825503355704698,0.8833333333333333
efficientnet_b0,43,sdnet_D,5,0.0361612346449068,0.888135593220339,0.89
efficientnet_b0,43,sdnet_D,6,0.0400255997212869,0.8896210873146623,0.8883333333333333
efficientnet_b0,43,sdnet_D,7,0.0150742358820778,0.8843537414965986,0.8866666666666667
efficientnet_b0,43,sdnet_D,8,0.0176428088971546,0.8944723618090452,0.895
efficientnet_b0,43,sdnet_D,9,0.018044141142496,0.8813559322033898,0.8833333333333333
efficientnet_b0,43,sdnet_D,10,0.0080339071154594,0.886986301369863,0.89
efficientnet_b0,43,sdnet_D,11,0.0112110617331096,0.883248730964467,0.885
efficientnet_b0,43,sdnet_P,0,1.1156211953503743,0.797962648556876,0.8016666666666666
efficientnet_b0,43,sdnet_P,1,0.3216478566612516,0.8295081967213115,0.8266666666666667
efficientnet_b0,43,sdnet_P,2,0.1366453125647136,0.8362989323843416,0.8466666666666667
efficientnet_b0,43,sdnet_P,3,0.0955294850042888,0.8472222222222222,0.8533333333333334
efficientnet_b0,43,sdnet_P,4,0.0549991251102515,0.8402777777777778,0.8466666666666667
efficientnet_b0,43,sdnet_P,5,0.0317889370875699,0.8409893992932862,0.85
efficientnet_b0,43,sdnet_P,6,0.0351085182226129,0.8517887563884157,0.855
efficientnet_b0,43,sdnet_P,7,0.0202168997696467,0.8303886925795053,0.84
efficientnet_b0,43,sdnet_P,8,0.0153870570180671,0.845360824742268,0.85
efficientnet_b0,43,sdnet_P,9,0.0106961799625839,0.8345070422535211,0.8433333333333334
efficientnet_b0,43,sdnet_W,0,1.1316584265232086,0.826797385620915,0.8233333333333334
efficientnet_b0,43,sdnet_W,1,0.2836073987824576,0.8446771378708552,0.8516666666666667
efficientnet_b0,43,sdnet_W,2,0.1479995142562049,0.8689655172413793,0.8733333333333333
efficientnet_b0,43,sdnet_W,3,0.0864983435613768,0.8633333333333333,0.8633333333333333
efficientnet_b0,43,sdnet_W,4,0.0498325302345412,0.8657718120805369,0.8666666666666667
efficientnet_b0,43,sdnet_W,5,0.0272209649852343,0.8752136752136752,0.8783333333333333
efficientnet_b0,43,sdnet_W,6,0.031670444695545,0.8663282571912013,0.8683333333333333
efficientnet_b0,43,sdnet_W,7,0.0186344288050064,0.8754325259515571,0.88
efficientnet_b0,43,sdnet_W,8,0.0127338285930454,0.868824531516184,0.8716666666666667
efficientnet_b0,43,sdnet_W,9,0.0108443894563242,0.8784722222222222,0.8833333333333333
efficientnet_b0,43,sdnet_W,10,0.0084480767697095,0.875,0.88
efficientnet_b0,43,sdnet_W,11,0.007560235432216,0.8784722222222222,0.8833333333333333
efficientnet_b0,43,metu,0,1.5692720890045166,0.7294117647058823,0.7316666666666667
efficientnet_b0,43,metu,1,0.4590006666524069,0.7788461538461539,0.77
efficientnet_b0,43,metu,2,0.2269649421317236,0.7798319327731092,0.7816666666666666
efficientnet_b0,43,metu,3,0.1379841707008225,0.7960199004975125,0.795
efficientnet_b0,43,metu,4,0.0889431069152695,0.7924528301886793,0.7983333333333333
efficientnet_b0,43,metu,5,0.0571425463046346,0.7897435897435897,0.795
efficientnet_b0,43,metu,6,0.0524777576327323,0.7863247863247863,0.7916666666666666
efficientnet_b0,44,sdnet_D,0,1.2496343752316066,0.8195718654434251,0.8033333333333333
efficientnet_b0,44,sdnet_D,1,0.3028560359137399,0.8548644338118022,0.8483333333333334
efficientnet_b0,44,sdnet_D,2,0.1646570017508098,0.8873949579831932,0.8883333333333333
efficientnet_b0,44,sdnet_D,3,0.1011997926235199,0.8892561983471075,0.8883333333333333
efficientnet_b0,44,sdnet_D,4,0.0604051999109131,0.8888888888888888,0.8883333333333333
efficientnet_b0,44,sdnet_D,5,0.0293268824894247,0.9003322259136213,0.9
efficientnet_b0,44,sdnet_D,6,0.0356833730425153,0.8888888888888888,0.8916666666666667
efficientnet_b0,44,sdnet_D,7,0.0173921086958476,0.9015025041736228,0.9016666666666666
efficientnet_b0,44,sdnet_D,8,0.0185835532844066,0.9018302828618968,0.9016666666666666
efficientnet_b0,44,sdnet_D,9,0.0133014222547145,0.902027027027027,0.9033333333333332
efficientnet_b0,44,sdnet_D,10,0.0147163949680647,0.9048414023372288,0.905
efficientnet_b0,44,sdnet_D,11,0.0096184843352862,0.9015025041736228,0.9016666666666666
efficientnet_b0,44,sdnet_P,0,1.2195332159314838,0.7960848287112561,0.7916666666666666
efficientnet_b0,44,sdnet_P,1,0.3661036304065159,0.8178913738019169,0.81
efficientnet_b0,44,sdnet_P,2,0.1652990526812417,0.850909090909091,0.8633333333333333
efficientnet_b0,44,sdnet_P,3,0.1129540981139455,0.8336192109777015,0.8383333333333334
efficientnet_b0,44,sdnet_P,4,0.0698757191853863,0.8419243986254296,0.8466666666666667
efficientnet_b0,44,sdnet_P,5,0.0309020723189626,0.8379310344827586,0.8433333333333334
efficientnet_b0,44,sdnet_W,0,1.2829506949016023,0.821656050955414,0.8133333333333334
efficientnet_b0,44,sdnet_W,1,0.3136861068861825,0.8594507269789984,0.855
efficientnet_b0,44,sdnet_W,2,0.1447089970963342,0.8732394366197183,0.88
efficientnet_b0,44,sdnet_W,3,0.0935495145831789,0.8739495798319328,0.875
efficientnet_b0,44,sdnet_W,4,0.0685062570869922,0.875,0.8766666666666667
efficientnet_b0,44,sdnet_W,5,0.0418644358004842,0.882661996497373,0.8883333333333333
efficientnet_b0,44,sdnet_W,6,0.0443731207506997,0.8843537414965986,0.8866666666666667
efficientnet_b0,44,sdnet_W,7,0.0197128366153421,0.8842832469775475,0.8883333333333333
efficientnet_b0,44,sdnet_W,8,0.0213217710597174,0.8846815834767642,0.8883333333333333
efficientnet_b0,44,sdnet_W,9,0.0141658111182706,0.8850174216027874,0.89
efficientnet_b0,44,sdnet_W,10,0.00979664342744,0.8862068965517241,0.89
efficientnet_b0,44,sdnet_W,11,0.0124576504209211,0.8816466552315609,0.885
efficientnet_b0,44,metu,0,1.5659714780535017,0.7464114832535885,0.735
efficientnet_b0,44,metu,1,0.6123789886065892,0.7508417508417509,0.7533333333333333
efficientnet_b0,44,metu,2,0.2674345918212618,0.7676419965576592,0.775
efficientnet_b0,44,metu,3,0.1559797212055751,0.785234899328859,0.7866666666666666
efficientnet_b0,44,metu,4,0.1062098852012838,0.7958833619210978,0.8016666666666666
efficientnet_b0,44,metu,5,0.0705461170417921,0.8055077452667814,0.8116666666666666
efficientnet_b0,44,metu,6,0.0422649149756346,0.7881944444444444,0.7966666666666666
efficientnet_b0,44,metu,7,0.0339043901222092,0.7827586206896552,0.79
efficientnet_b0,44,metu,8,0.0321911518062864,0.7842465753424658,0.79
mobilenetv3_small_100,42,sdnet_D,0,2.0607092693873814,0.7636887608069164,0.7266666666666667
mobilenetv3_small_100,42,sdnet_D,1,0.4841437702519553,0.8119180633147114,0.8316666666666667
mobilenetv3_small_100,42,sdnet_D,2,0.3256486846719469,0.8373831775700935,0.855
mobilenetv3_small_100,42,sdnet_D,3,0.2536173750673021,0.846815834767642,0.8516666666666667
mobilenetv3_small_100,42,sdnet_D,4,0.1803944414002554,0.8599670510708401,0.8583333333333333
mobilenetv3_small_100,42,sdnet_D,5,0.1569529095717838,0.8498168498168498,0.8633333333333333
mobilenetv3_small_100,42,sdnet_D,6,0.1130610564351081,0.8833333333333333,0.8833333333333333
mobilenetv3_small_100,42,sdnet_D,7,0.080690652344908,0.8686868686868687,0.87
mobilenetv3_small_100,42,sdnet_D,8,0.0673615229342665,0.8724137931034482,0.8766666666666667
mobilenetv3_small_100,42,sdnet_D,9,0.0518003757297992,0.8730434782608696,0.8783333333333333
mobilenetv3_small_100,42,sdnet_P,0,1.8239881890160696,0.7514231499051234,0.7816666666666666
mobilenetv3_small_100,42,sdnet_P,1,0.4517186435631343,0.8083491461100569,0.8316666666666667
mobilenetv3_small_100,42,sdnet_P,2,0.3348016563483647,0.8135593220338984,0.835
mobilenetv3_small_100,42,sdnet_P,3,0.2196983618821416,0.8355704697986577,0.8366666666666667
mobilenetv3_small_100,42,sdnet_P,4,0.1581775916474206,0.8440677966101695,0.8466666666666667
mobilenetv3_small_100,42,sdnet_P,5,0.1322728260074343,0.841726618705036,0.8533333333333334
mobilenetv3_small_100,42,sdnet_P,6,0.0972906507764543,0.8363636363636363,0.835
mobilenetv3_small_100,42,sdnet_P,7,0.0638196741257395,0.847972972972973,0.85
mobilenetv3_small_100,42,sdnet_P,8,0.0454806366137095,0.8379310344827586,0.8433333333333334
mobilenetv3_small_100,42,sdnet_P,9,0.0403733479125159,0.8422939068100358,0.8533333333333334
mobilenetv3_small_100,42,sdnet_P,10,0.031790083045406,0.8384879725085911,0.8433333333333334
mobilenetv3_small_100,42,sdnet_W,0,1.892256568159376,0.8050541516245487,0.82
mobilenetv3_small_100,42,sdnet_W,1,0.4900135747023991,0.8150943396226416,0.8366666666666667
mobilenetv3_small_100,42,sdnet_W,2,0.3526220726966858,0.8837209302325582,0.8916666666666667
mobilenetv3_small_100,42,sdnet_W,3,0.2738262907947812,0.8747731397459165,0.885
mobilenetv3_small_100,42,sdnet_W,4,0.183083803483418,0.8821548821548821,0.8833333333333333
mobilenetv3_small_100,42,sdnet_W,5,0.1438517522811889,0.8731884057971014,0.8833333333333333
mobilenetv3_small_100,42,metu,0,2.3301789236068724,0.7062937062937062,0.72
mobilenetv3_small_100,42,metu,1,0.8558216571807862,0.7771084337349398,0.7533333333333333
mobilenetv3_small_100,42,metu,2,0.5079917241845812,0.8006379585326954,0.7916666666666666
mobilenetv3_small_100,42,metu,3,0.3721221155779702,0.7855917667238422,0.7916666666666666
mobilenetv3_small_100,42,metu,4,0.321719479220254,0.7808417997097242,0.7483333333333333
mobilenetv3_small_100,42,metu,5,0.2771003746986389,0.7970204841713222,0.8183333333333334
mobilenetv3_small_100,43,sdnet_D,0,2.241664230142321,0.7797619047619048,0.7533333333333333
mobilenetv3_small_100,43,sdnet_D,1,0.5002661645412445,0.8257839721254355,0.8333333333333334
mobilenetv3_small_100,43,sdnet_D,2,0.3347409965310778,0.8586572438162544,0.8666666666666667
mobilenetv3_small_100,43,sdnet_D,3,0.2625465927805219,0.8771331058020477,0.88
mobilenetv3_small_100,43,sdnet_D,4,0.1783425268105098,0.8805460750853242,0.8833333333333333
mobilenetv3_small_100,43,sdnet_D,5,0.1454932579398155,0.8764805414551607,0.8783333333333333
mobilenetv3_small_100,43,sdnet_D,6,0.1262228755014283,0.8817891373801917,0.8766666666666667
mobilenetv3_small_100,43,sdnet_D,7,0.0862437292507716,0.8957654723127035,0.8933333333333333
mobilenetv3_small_100,43,sdnet_D,8,0.0679186390553202,0.9,0.9
mobilenetv3_small_100,43,sdnet_D,9,0.0584960536233016,0.8951747088186356,0.895
mobilenetv3_small_100,43,sdnet_D,10,0.052499360186713,0.890728476821192,0.89
mobilenetv3_small_100,43,sdnet_D,11,0.0408355485328606,0.8896210873146623,0.8883333333333333
mobilenetv3_small_100,43,sdnet_P,0,1.8995023805754525,0.7628524046434494,0.7616666666666667
mobilenetv3_small_100,43,sdnet_P,1,0.5076027711800166,0.8374384236453202,0.835
mobilenetv3_small_100,43,sdnet_P,2,0.3101700098173959,0.8287292817679558,0.845
mobilenetv3_small_100,43,sdnet_P,3,0.3142691549233027,0.8,0.8116666666666666
mobilenetv3_small_100,43,sdnet_P,4,0.2501314540420259,0.8447653429602888,0.8566666666666667
mobilenetv3_small_100,43,sdnet_P,5,0.1833920321294239,0.8268156424581006,0.845
mobilenetv3_small_100,43,sdnet_P,6,0.1362318140268325,0.837696335078534,0.845
mobilenetv3_small_100,43,sdnet_P,7,0.0882602014711925,0.8526863084922011,0.8583333333333333
mobilenetv3_small_100,43,sdnet_P,8,0.076062050632068,0.8515901060070671,0.86
mobilenetv3_small_100,43,sdnet_P,9,0.0636178070732525,0.8537414965986394,0.8566666666666667
mobilenetv3_small_100,43,sdnet_P,10,0.0494139162983213,0.8556701030927835,0.86
mobilenetv3_small_100,43,sdnet_P,11,0.0465082072573048,0.8541666666666666,0.86
mobilenetv3_small_100,43,sdnet_W,0,2.307987310716084,0.8051575931232091,0.7733333333333333
mobilenetv3_small_100,43,sdnet_W,1,0.5398048530306135,0.8333333333333334,0.8433333333333334
mobilenetv3_small_100,43,sdnet_W,2,0.3125558366094317,0.8495867768595041,0.8483333333333334
mobilenetv3_small_100,43,sdnet_W,3,0.2223543528148106,0.8656716417910447,0.865
mobilenetv3_small_100,43,sdnet_W,4,0.168531693305288,0.8795986622073578,0.88
mobilenetv3_small_100,43,sdnet_W,5,0.158817743062973,0.8777219430485762,0.8783333333333333
mobilenetv3_small_100,43,sdnet_W,6,0.1327270691735403,0.872852233676976,0.8766666666666667
mobilenetv3_small_100,43,sdnet_W,7,0.0947545786414827,0.8694214876033057,0.8683333333333333
mobilenetv3_small_100,43,metu,0,2.8944188577788217,0.6428571428571429,0.7
mobilenetv3_small_100,43,metu,1,0.6996870471749987,0.7708333333333334,0.7433333333333333
mobilenetv3_small_100,43,metu,2,0.435981410741806,0.8225255972696246,0.8266666666666667
mobilenetv3_small_100,43,metu,3,0.3490980173860277,0.7816901408450704,0.7933333333333333
mobilenetv3_small_100,43,metu,4,0.2438411344800676,0.7898550724637681,0.8066666666666666
mobilenetv3_small_100,43,metu,5,0.1804408123237746,0.8173913043478261,0.825
mobilenetv3_small_100,44,sdnet_D,0,1.8309482550621032,0.8019639934533551,0.7983333333333333
mobilenetv3_small_100,44,sdnet_D,1,0.6281835361889431,0.8369747899159664,0.8383333333333334
mobilenetv3_small_100,44,sdnet_D,2,0.3028510323592595,0.8754208754208754,0.8766666666666667
mobilenetv3_small_100,44,sdnet_D,3,0.220150750364576,0.8821656050955414,0.8766666666666667
mobilenetv3_small_100,44,sdnet_D,4,0.1794162564618246,0.8686868686868687,0.87
mobilenetv3_small_100,44,sdnet_D,5,0.1016054092560495,0.8794326241134752,0.8866666666666667
mobilenetv3_small_100,44,sdnet_D,6,0.0923868978875024,0.8996655518394648,0.9
mobilenetv3_small_100,44,sdnet_D,7,0.069571555512292,0.8973913043478261,0.9016666666666666
mobilenetv3_small_100,44,sdnet_D,8,0.0612813797486679,0.900990099009901,0.9
mobilenetv3_small_100,44,sdnet_D,9,0.0386028037645987,0.9087837837837838,0.91
mobilenetv3_small_100,44,sdnet_D,10,0.0385409763561827,0.9069373942470388,0.9083333333333332
mobilenetv3_small_100,44,sdnet_D,11,0.0355476390091436,0.907563025210084,0.9083333333333332
mobilenetv3_small_100,44,sdnet_P,0,1.6388619886125837,0.7892976588628763,0.79
mobilenetv3_small_100,44,sdnet_P,1,0.5713616188934871,0.7876106194690266,0.76
mobilenetv3_small_100,44,sdnet_P,2,0.2824758047716958,0.8205980066445183,0.82
mobilenetv3_small_100,44,sdnet_P,3,0.2459107543740953,0.8073394495412844,0.79
mobilenetv3_small_100,44,sdnet_P,4,0.2236801281145641,0.8247422680412371,0.83
mobilenetv3_small_100,44,sdnet_P,5,0.1490366501467568,0.8426573426573427,0.85
mobilenetv3_small_100,44,sdnet_P,6,0.1103376526066235,0.8261617900172117,0.8316666666666667
mobilenetv3_small_100,44,sdnet_P,7,0.1040154808333941,0.8154093097913323,0.8083333333333333
mobilenetv3_small_100,44,sdnet_P,8,0.0608283392872129,0.8383838383838383,0.84
mobilenetv3_small_100,44,sdnet_W,0,1.822489481653486,0.7709090909090909,0.79
mobilenetv3_small_100,44,sdnet_W,1,0.5658569573504584,0.8361934477379095,0.825
mobilenetv3_small_100,44,sdnet_W,2,0.3489806451116289,0.835820895522388,0.835
mobilenetv3_small_100,44,sdnet_W,3,0.2798282107285091,0.8726003490401396,0.8783333333333333
mobilenetv3_small_100,44,sdnet_W,4,0.2118739591326032,0.8519134775374376,0.8516666666666667
mobilenetv3_small_100,44,sdnet_W,5,0.1694121594088418,0.8896797153024911,0.8966666666666666
mobilenetv3_small_100,44,sdnet_W,6,0.1496741316148213,0.8730434782608696,0.8783333333333333
mobilenetv3_small_100,44,sdnet_W,7,0.1197399623053414,0.8760907504363001,0.8816666666666667
mobilenetv3_small_100,44,sdnet_W,8,0.09281079562647,0.8896551724137931,0.8933333333333333
mobilenetv3_small_100,44,metu,0,2.2291553112438747,0.6532258064516129,0.7133333333333334
mobilenetv3_small_100,44,metu,1,0.8330747379575457,0.752755905511811,0.7383333333333333
mobilenetv3_small_100,44,metu,2,0.4784803167411259,0.7768595041322314,0.775
mobilenetv3_small_100,44,metu,3,0.2923837515286037,0.8021015761821366,0.8116666666666666
mobilenetv3_small_100,44,metu,4,0.2545360357420785,0.8035398230088495,0.815
mobilenetv3_small_100,44,metu,5,0.2071742587430136,0.7874306839186691,0.8083333333333333
mobilenetv3_small_100,44,metu,6,0.1638488273109708,0.8144329896907216,0.82
mobilenetv3_small_100,44,metu,7,0.1309305916939463,0.8257191201353637,0.8283333333333334
mobilenetv3_small_100,44,metu,8,0.0932104869399751,0.8163265306122449,0.82
mobilenetv3_small_100,44,metu,9,0.075753854555743,0.8194444444444444,0.8266666666666667
mobilenetv3_small_100,44,metu,10,0.0670823726909501,0.8211243611584327,0.825
vit_tiny_patch16_224,42,sdnet_D,0,0.7467119828292301,0.8258992805755395,0.7983333333333333
vit_tiny_patch16_224,42,sdnet_D,1,0.3419649944135121,0.8342857142857143,0.855
vit_tiny_patch16_224,42,sdnet_D,2,0.2643458475385393,0.8678571428571429,0.8766666666666667
vit_tiny_patch16_224,42,sdnet_D,3,0.199712358372552,0.8873483535528596,0.8916666666666667
vit_tiny_patch16_224,42,sdnet_D,4,0.1827638894319534,0.8673835125448028,0.8766666666666667
vit_tiny_patch16_224,42,sdnet_D,5,0.1385200855561665,0.8785357737104825,0.8783333333333333
vit_tiny_patch16_224,42,sdnet_D,6,0.0954342624119349,0.8752079866888519,0.875
vit_tiny_patch16_224,42,sdnet_P,0,0.754792023897171,0.8293515358361775,0.8333333333333334
vit_tiny_patch16_224,42,sdnet_P,1,0.3688738896165575,0.842809364548495,0.8433333333333334
vit_tiny_patch16_224,42,sdnet_P,2,0.311577456678663,0.8524590163934426,0.865
vit_tiny_patch16_224,42,sdnet_P,3,0.274962271962847,0.8395522388059702,0.8566666666666667
vit_tiny_patch16_224,42,sdnet_P,4,0.2292856830358505,0.8729096989966555,0.8733333333333333
vit_tiny_patch16_224,42,sdnet_P,5,0.2105394528593336,0.8505392912172574,0.8383333333333334
vit_tiny_patch16_224,42,sdnet_P,6,0.1618542949642454,0.863716814159292,0.8716666666666667
vit_tiny_patch16_224,42,sdnet_P,7,0.1211978199652263,0.8607142857142858,0.87
vit_tiny_patch16_224,42,sdnet_W,0,0.7364433763708387,0.8383658969804618,0.8483333333333334
vit_tiny_patch16_224,42,sdnet_W,1,0.3454500690528325,0.8094302554027505,0.8383333333333334
vit_tiny_patch16_224,42,sdnet_W,2,0.2860523269857679,0.8771929824561403,0.8833333333333333
vit_tiny_patch16_224,42,sdnet_W,3,0.2354048228263855,0.8689883913764511,0.8683333333333333
vit_tiny_patch16_224,42,sdnet_W,4,0.1980296841689518,0.8745387453874539,0.8866666666666667
vit_tiny_patch16_224,42,sdnet_W,5,0.1684876132862908,0.8717948717948718,0.875
vit_tiny_patch16_224,42,metu,0,0.77072852066585,0.8060200668896321,0.8066666666666666
vit_tiny_patch16_224,42,metu,1,0.4373854793821062,0.7879746835443038,0.7766666666666666
vit_tiny_patch16_224,42,metu,2,0.3784238035338265,0.7783251231527094,0.775
vit_tiny_patch16_224,42,metu,3,0.3461741614341735,0.7640449438202247,0.72
vit_tiny_patch16_224,43,sdnet_D,0,0.4809146063668387,0.8321167883211679,0.8466666666666667
vit_tiny_patch16_224,43,sdnet_D,1,0.2942850375175476,0.8764805414551607,0.8783333333333333
vit_tiny_patch16_224,43,sdnet_D,2,0.2275236284732818,0.8794326241134752,0.8866666666666667
vit_tiny_patch16_224,43,sdnet_D,3,0.1868689502137047,0.8760907504363001,0.8816666666666667
vit_tiny_patch16_224,43,sdnet_D,4,0.1494241549287523,0.8760064412238325,0.8716666666666667
vit_tiny_patch16_224,43,sdnet_D,5,0.1121655955059187,0.8735244519392917,0.875
vit_tiny_patch16_224,43,sdnet_P,0,0.5212309835638319,0.8207705192629816,0.8216666666666667
vit_tiny_patch16_224,43,sdnet_P,1,0.3599185860157013,0.8407643312101911,0.8333333333333334
vit_tiny_patch16_224,43,sdnet_P,2,0.2869128039905003,0.8608058608058609,0.8733333333333333
vit_tiny_patch16_224,43,sdnet_P,3,0.2694240435532161,0.8576329331046312,0.8616666666666667
vit_tiny_patch16_224,43,sdnet_P,4,0.2366050165891647,0.850828729281768,0.865
vit_tiny_patch16_224,43,sdnet_P,5,0.1831110048294067,0.8341543513957307,0.8316666666666667
vit_tiny_patch16_224,43,sdnet_W,0,0.4571088169302259,0.8631578947368421,0.87
vit_tiny_patch16_224,43,sdnet_W,1,0.3153409077439989,0.8760611205432938,0.8783333333333333
vit_tiny_patch16_224,43,sdnet_W,2,0.2541279055391039,0.8628099173553719,0.8616666666666667
vit_tiny_patch16_224,43,sdnet_W,3,0.2451548244271959,0.8712241653418124,0.865
vit_tiny_patch16_224,43,sdnet_W,4,0.2055892886434282,0.8745519713261649,0.8833333333333333
vit_tiny_patch16_224,43,metu,0,0.6986109358923775,0.7935943060498221,0.8066666666666666
vit_tiny_patch16_224,43,metu,1,0.4256876194477081,0.8146788990825689,0.8316666666666667
vit_tiny_patch16_224,43,metu,2,0.3439213957105364,0.8025276461295419,0.7916666666666666
vit_tiny_patch16_224,43,metu,3,0.2994118242604392,0.8156424581005587,0.835
vit_tiny_patch16_224,43,metu,4,0.2593114330087389,0.8156996587030717,0.82
vit_tiny_patch16_224,43,metu,5,0.2016823468038014,0.8277027027027027,0.83
vit_tiny_patch16_224,43,metu,6,0.1590619306053434,0.8298217179902755,0.825
vit_tiny_patch16_224,43,metu,7,0.0882226677451814,0.8221859706362153,0.8183333333333334
vit_tiny_patch16_224,43,metu,8,0.0625855539499649,0.8260105448154658,0.835
vit_tiny_patch16_224,43,metu,9,0.0336543713297162,0.8198347107438017,0.8183333333333334
vit_tiny_patch16_224,44,sdnet_D,0,0.4959571897983551,0.8185328185328186,0.8433333333333334
vit_tiny_patch16_224,44,sdnet_D,1,0.2856909559454236,0.8605042016806723,0.8616666666666667
vit_tiny_patch16_224,44,sdnet_D,2,0.2300186617885317,0.8885245901639345,0.8866666666666667
vit_tiny_patch16_224,44,sdnet_D,3,0.1810053713832582,0.8865979381443299,0.89
vit_tiny_patch16_224,44,sdnet_D,4,0.1672267648151942,0.8787878787878788,0.88
vit_tiny_patch16_224,44,sdnet_D,5,0.1146928535614695,0.8576449912126538,0.865
vit_tiny_patch16_224,44,sdnet_P,0,0.7400600184713091,0.5288461538461539,0.6733333333333333
vit_tiny_patch16_224,44,sdnet_P,1,0.454852374110903,0.7775628626692457,0.8083333333333333
vit_tiny_patch16_224,44,sdnet_P,2,0.3918011437143598,0.8393135725429017,0.8283333333333334
vit_tiny_patch16_224,44,sdnet_P,3,0.3331290633337838,0.8576449912126538,0.865
vit_tiny_patch16_224,44,sdnet_P,4,0.3008518057210105,0.8248587570621468,0.845
vit_tiny_patch16_224,44,sdnet_P,5,0.2615906141485487,0.8179012345679012,0.8033333333333333
vit_tiny_patch16_224,44,sdnet_P,6,0.2052388963529041,0.8288854003139717,0.8183333333333334
vit_tiny_patch16_224,44,sdnet_W,0,0.4516826779501778,0.8181818181818182,0.84
vit_tiny_patch16_224,44,sdnet_W,1,0.3041152007239205,0.8686868686868687,0.87
vit_tiny_patch16_224,44,sdnet_W,2,0.2511274224519729,0.8819444444444444,0.8866666666666667
vit_tiny_patch16_224,44,sdnet_W,3,0.2251133370399475,0.88107202680067,0.8816666666666667
vit_tiny_patch16_224,44,sdnet_W,4,0.1890888658165931,0.8562091503267973,0.8533333333333334
vit_tiny_patch16_224,44,sdnet_W,5,0.1501940843888691,0.8703071672354948,0.8733333333333333
vit_tiny_patch16_224,44,metu,0,0.6833311418124608,0.6933867735470942,0.745
vit_tiny_patch16_224,44,metu,1,0.46801446505955285,0.8172757475083057,0.8166666666666667
vit_tiny_patch16_224,44,metu,2,0.41886687772614617,0.7787934186471663,0.7983333333333333
vit_tiny_patch16_224,44,metu,3,0.3612700869355883,0.7689320388349514,0.8016666666666666
vit_tiny_patch16_224,44,metu,4,0.3009304327624185,0.767175572519084,0.7966666666666666
