arquitectura,direccion,precision,recall
efficientnet_b0,dentro,0.876005690695358,0.8347222222222223
efficientnet_b0,entre_superficie,0.7818335249057923,0.49277777777777776
efficientnet_b0,metu_a_sdnet,0.9006453391238242,0.27925925925925926
efficientnet_b0,sdnet_a_metu,0.8288846169853206,0.64
mobilenetv3_small_100,dentro,0.8842804818756033,0.8552777777777778
mobilenetv3_small_100,entre_superficie,0.8066804370706494,0.5468518518518519
mobilenetv3_small_100,metu_a_sdnet,0.8402960509071457,0.31148148148148147
mobilenetv3_small_100,sdnet_a_metu,0.8971546259799911,0.7277777777777777
resnet18,dentro,0.8989776274682613,0.8666666666666667
resnet18,entre_superficie,0.8573673134804909,0.6003703703703703
resnet18,metu_a_sdnet,0.8477126110630351,0.3407407407407408
resnet18,sdnet_a_metu,0.8972737548477999,0.8581481481481482
vit_tiny_patch16_224,dentro,0.8855097752978395,0.8463888888888889
vit_tiny_patch16_224,entre_superficie,0.7804342646772592,0.6666666666666666
vit_tiny_patch16_224,metu_a_sdnet,0.8411949593894891,0.3466666666666666
vit_tiny_patch16_224,sdnet_a_metu,0.856573958550563,0.6844444444444444
