arquitectura,semilla,condicion,particion,dominio_excluido,dominio_train,dominio_test,excluido,tp,tn,fp,fn,precision,recall,f1,n_test,mejor_epoca,epocas_entrenadas,epocas_max,segundos_entrenamiento
resnet18,42,multifuente,original,sdnet_D,sdnet_P+sdnet_W+metu,sdnet_D,True,226,252,48,74,0.8248175182481752,0.7533333333333333,0.7874564459930313,600,11,12,12,91.1
resnet18,42,multifuente,original,sdnet_D,sdnet_P+sdnet_W+metu,sdnet_P,False,254,265,35,46,0.8788927335640139,0.8466666666666667,0.8624787775891342,600,11,12,12,91.1
resnet18,42,multifuente,original,sdnet_D,sdnet_P+sdnet_W+metu,sdnet_W,False,248,264,36,52,0.8732394366197183,0.8266666666666667,0.8493150684931506,600,11,12,12,91.1
resnet18,42,multifuente,original,sdnet_D,sdnet_P+sdnet_W+metu,metu,False,300,298,2,0,0.9933774834437086,1.0,0.9966777408637874,600,11,12,12,91.1
resnet18,42,multifuente,original,sdnet_P,sdnet_D+sdnet_W+metu,sdnet_D,False,212,273,27,88,0.8870292887029289,0.7066666666666667,0.7866419294990723,600,4,8,12,59.9
resnet18,42,multifuente,original,sdnet_P,sdnet_D+sdnet_W+metu,sdnet_P,True,220,256,44,80,0.8333333333333334,0.7333333333333333,0.7801418439716312,600,4,8,12,59.9
resnet18,42,multifuente,original,sdnet_P,sdnet_D+sdnet_W+metu,sdnet_W,False,220,271,29,80,0.8835341365461847,0.7333333333333333,0.8014571948998178,600,4,8,12,59.9
resnet18,42,multifuente,original,sdnet_P,sdnet_D+sdnet_W+metu,metu,False,297,299,1,3,0.9966442953020134,0.99,0.9933110367892976,600,4,8,12,59.9
resnet18,42,multifuente,original,sdnet_W,sdnet_D+sdnet_P+metu,sdnet_D,False,235,251,49,65,0.8274647887323944,0.7833333333333333,0.8047945205479452,600,11,12,12,88.2
resnet18,42,multifuente,original,sdnet_W,sdnet_D+sdnet_P+metu,sdnet_P,False,259,265,35,41,0.8809523809523809,0.8633333333333333,0.8720538720538721,600,11,12,12,88.2
resnet18,42,multifuente,original,sdnet_W,sdnet_D+sdnet_P+metu,sdnet_W,True,191,271,29,109,0.8681818181818182,0.6366666666666667,0.7346153846153847,600,11,12,12,88.2
resnet18,42,multifuente,original,sdnet_W,sdnet_D+sdnet_P+metu,metu,False,300,297,3,0,0.99009900990099,1.0,0.9950248756218906,600,11,12,12,88.2
resnet18,42,multifuente,original,metu,sdnet_D+sdnet_P+sdnet_W,sdnet_D,False,228,271,29,72,0.8871595330739299,0.76,0.8186714542190305,600,11,12,12,88.0
resnet18,42,multifuente,original,metu,sdnet_D+sdnet_P+sdnet_W,sdnet_P,False,250,263,37,50,0.8710801393728222,0.8333333333333334,0.8517887563884157,600,11,12,12,88.0
resnet18,42,multifuente,original,metu,sdnet_D+sdnet_P+sdnet_W,sdnet_W,False,232,268,32,68,0.8787878787878788,0.7733333333333333,0.8226950354609929,600,11,12,12,88.0
resnet18,42,multifuente,original,metu,sdnet_D+sdnet_P+sdnet_W,metu,True,300,238,62,0,0.8287292817679558,1.0,0.9063444108761328,600,11,12,12,88.0
resnet18,43,multifuente,original,sdnet_D,sdnet_P+sdnet_W+metu,sdnet_D,True,229,238,62,71,0.7869415807560137,0.7633333333333333,0.7749576988155669,600,4,8,12,59.4
resnet18,43,multifuente,original,sdnet_D,sdnet_P+sdnet_W+metu,sdnet_P,False,258,258,42,42,0.86,0.86,0.86,600,4,8,12,59.4
resnet18,43,multifuente,original,sdnet_D,sdnet_P+sdnet_W+metu,sdnet_W,False,236,262,38,64,0.8613138686131386,0.7866666666666666,0.8222996515679443,600,4,8,12,59.4
resnet18,43,multifuente,original,sdnet_D,sdnet_P+sdnet_W+metu,metu,False,300,298,2,0,0.9933774834437086,1.0,0.9966777408637874,600,4,8,12,59.4
resnet18,43,multifuente,original,sdnet_P,sdnet_D+sdnet_W+metu,sdnet_D,False,224,256,44,76,0.835820895522388,0.7466666666666667,0.7887323943661971,600,5,9,12,66.5
resnet18,43,multifuente,original,sdnet_P,sdnet_D+sdnet_W+metu,sdnet_P,True,210,268,32,90,0.8677685950413223,0.7,0.7749077490774908,600,5,9,12,66.5
resnet18,43,multifuente,original,sdnet_P,sdnet_D+sdnet_W+metu,sdnet_W,False,244,249,51,56,0.8271186440677966,0.8133333333333334,0.8201680672268907,600,5,9,12,66.5
resnet18,43,multifuente,original,sdnet_P,sdnet_D+sdnet_W+metu,metu,False,300,300,0,0,1.0,1.0,1.0,600,5,9,12,66.5
resnet18,43,multifuente,original,sdnet_W,sdnet_D+sdnet_P+metu,sdnet_D,False,237,263,37,63,0.864963503649635,0.79,0.8257839721254355,600,8,12,12,88.4
resnet18,43,multifuente,original,sdnet_W,sdnet_D+sdnet_P+metu,sdnet_P,False,264,256,44,36,0.8571428571428571,0.88,0.868421052631579,600,8,12,12,88.4
resnet18,43,multifuente,original,sdnet_W,sdnet_D+sdnet_P+metu,sdnet_W,True,169,289,11,131,0.9388888888888888,0.5633333333333334,0.7041666666666667,600,8,12,12,88.4
resnet18,43,multifuente,original,sdnet_W,sdnet_D+sdnet_P+metu,metu,False,300,299,1,0,0.9966777408637874,1.0,0.9983361064891848,600,8,12,12,88.4
resnet18,43,multifuente,original,metu,sdnet_D+sdnet_P+sdnet_W,sdnet_D,False,233,248,52,67,0.8175438596491228,0.7766666666666666,0.7965811965811965,600,11,12,12,87.2
resnet18,43,multifuente,original,metu,sdnet_D+sdnet_P+sdnet_W,sdnet_P,False,253,262,38,47,0.8694158075601375,0.8433333333333334,0.856175972927242,600,11,12,12,87.2
resnet18,43,multifuente,original,metu,sdnet_D+sdnet_P+sdnet_W,sdnet_W,False,242,265,35,58,0.8736462093862816,0.8066666666666666,0.8388214904679376,600,11,12,12,87.2
resnet18,43,multifuente,original,metu,sdnet_D+sdnet_P+sdnet_W,metu,True,299,270,30,1,0.9088145896656536,0.9966666666666668,0.9507154213036566,600,11,12,12,87.2
resnet18,44,multifuente,original,sdnet_D,sdnet_P+sdnet_W+metu,sdnet_D,True,208,264,36,92,0.8524590163934426,0.6933333333333334,0.7647058823529411,600,4,8,12,58.1
resnet18,44,multifuente,original,sdnet_D,sdnet_P+sdnet_W+metu,sdnet_P,False,250,262,38,50,0.8680555555555556,0.8333333333333334,0.8503401360544217,600,4,8,12,58.1
resnet18,44,multifuente,original,sdnet_D,sdnet_P+sdnet_W+metu,sdnet_W,False,219,279,21,81,0.9125,0.73,0.8111111111111111,600,4,8,12,58.1
resnet18,44,multifuente,original,sdnet_D,sdnet_P+sdnet_W+metu,metu,False,300,299,1,0,0.9966777408637874,1.0,0.9983361064891848,600,4,8,12,58.1
resnet18,44,multifuente,original,sdnet_P,sdnet_D+sdnet_W+metu,sdnet_D,False,234,238,62,66,0.7905405405405406,0.78,0.785234899328859,600,6,10,12,72.5
resnet18,44,multifuente,original,sdnet_P,sdnet_D+sdnet_W+metu,sdnet_P,True,212,262,38,88,0.848,0.7066666666666667,0.7709090909090909,600,6,10,12,72.5
resnet18,44,multifuente,original,sdnet_P,sdnet_D+sdnet_W+metu,sdnet_W,False,226,260,40,74,0.849624060150376,0.7533333333333333,0.7985865724381626,600,6,10,12,72.5
resnet18,44,multifuente,original,sdnet_P,sdnet_D+sdnet_W+metu,metu,False,299,300,0,1,1.0,0.9966666666666668,0.998330550918197,600,6,10,12,72.5
resnet18,44,multifuente,original,sdnet_W,sdnet_D+sdnet_P+metu,sdnet_D,False,220,257,43,80,0.8365019011406845,0.7333333333333333,0.7815275310834814,600,7,11,12,79.9
resnet18,44,multifuente,original,sdnet_W,sdnet_D+sdnet_P+metu,sdnet_P,False,250,273,27,50,0.9025270758122744,0.8333333333333334,0.8665511265164645,600,7,11,12,79.9
resnet18,44,multifuente,original,sdnet_W,sdnet_D+sdnet_P+metu,sdnet_W,True,206,280,20,94,0.911504424778761,0.6866666666666666,0.7832699619771863,600,7,11,12,79.9
resnet18,44,multifuente,original,sdnet_W,sdnet_D+sdnet_P+metu,metu,False,300,299,1,0,0.9966777408637874,1.0,0.9983361064891848,600,7,11,12,79.9
resnet18,44,multifuente,original,metu,sdnet_D+sdnet_P+sdnet_W,sdnet_D,False,230,258,42,70,0.8455882352941176,0.7666666666666667,0.8041958041958042,600,8,12,12,88.7
resnet18,44,multifuente,original,metu,sdnet_D+sdnet_P+sdnet_W,sdnet_P,False,243,269,31,57,0.8868613138686131,0.81,0.8466898954703833,600,8,12,12,88.7
resnet18,44,multifuente,original,metu,sdnet_D+sdnet_P+sdnet_W,sdnet_W,False,237,268,32,63,0.8810408921933085,0.79,0.8330404217926186,600,8,12,12,88.7
resnet18,44,multifuente,original,metu,sdnet_D+sdnet_P+sdnet_W,metu,True,299,243,57,1,0.8398876404494382,0.9966666666666668,0.9115853658536586,600,8,12,12,88.7
efficientnet_b0,42,multifuente,original,sdnet_D,sdnet_P+sdnet_W+metu,sdnet_D,True,218,223,77,82,0.7389830508474576,0.7266666666666667,0.7327731092436974,600,8,12,12,163.9
efficientnet_b0,42,multifuente,original,sdnet_D,sdnet_P+sdnet_W+metu,sdnet_P,False,242,264,36,58,0.8705035971223022,0.8066666666666666,0.8373702422145328,600,8,12,12,163.9
efficientnet_b0,42,multifuente,original,sdnet_D,sdnet_P+sdnet_W+metu,sdnet_W,False,233,257,43,67,0.8442028985507246,0.7766666666666666,0.8090277777777778,600,8,12,12,163.9
efficientnet_b0,42,multifuente,original,sdnet_D,sdnet_P+sdnet_W+metu,metu,False,299,298,2,1,0.9933554817275748,0.9966666666666668,0.995008319467554,600,8,12,12,163.9
efficientnet_b0,42,multifuente,original,sdnet_P,sdnet_D+sdnet_W+metu,sdnet_D,False,224,239,61,76,0.7859649122807018,0.7466666666666667,0.7658119658119659,600,7,11,12,118.9
efficientnet_b0,42,multifuente,original,sdnet_P,sdnet_D+sdnet_W+metu,sdnet_P,True,215,215,85,85,0.7166666666666667,0.7166666666666667,0.7166666666666667,600,7,11,12,118.9
efficientnet_b0,42,multifuente,original,sdnet_P,sdnet_D+sdnet_W+metu,sdnet_W,False,219,259,41,81,0.8423076923076923,0.73,0.7821428571428571,600,7,11,12,118.9
efficientnet_b0,42,multifuente,original,sdnet_P,sdnet_D+sdnet_W+metu,metu,False,299,298,2,1,0.9933554817275748,0.9966666666666668,0.995008319467554,600,7,11,12,118.9
efficientnet_b0,42,multifuente,original,sdnet_W,sdnet_D+sdnet_P+metu,sdnet_D,False,230,240,60,70,0.7931034482758621,0.7666666666666667,0.7796610169491526,600,7,11,12,318.7
efficientnet_b0,42,multifuente,original,sdnet_W,sdnet_D+sdnet_P+metu,sdnet_P,False,244,262,38,56,0.8652482269503546,0.8133333333333334,0.8384879725085911,600,7,11,12,318.7
efficientnet_b0,42,multifuente,original,sdnet_W,sdnet_D+sdnet_P+metu,sdnet_W,True,174,280,20,126,0.8969072164948454,0.58,0.7044534412955465,600,7,11,12,318.7
efficientnet_b0,42,multifuente,original,sdnet_W,sdnet_D+sdnet_P+metu,metu,False,300,298,2,0,0.9933774834437086,1.0,0.9966777408637874,600,7,11,12,318.7
efficientnet_b0,42,multifuente,original,metu,sdnet_D+sdnet_P+sdnet_W,sdnet_D,False,221,235,65,79,0.7727272727272727,0.7366666666666667,0.7542662116040956,600,9,12,12,259.1
efficientnet_b0,42,multifuente,original,metu,sdnet_D+sdnet_P+sdnet_W,sdnet_P,False,248,246,54,52,0.8211920529801324,0.8266666666666667,0.8239202657807309,600,9,12,12,259.1
efficientnet_b0,42,multifuente,original,metu,sdnet_D+sdnet_P+sdnet_W,sdnet_W,False,228,253,47,72,0.8290909090909091,0.76,0.7930434782608695,600,9,12,12,259.1
efficientnet_b0,42,multifuente,original,metu,sdnet_D+sdnet_P+sdnet_W,metu,True,289,216,84,11,0.774798927613941,0.9633333333333334,0.8588410104011887,600,9,12,12,259.1
efficientnet_b0,43,multifuente,original,sdnet_D,sdnet_P+sdnet_W+metu,sdnet_D,True,209,230,70,91,0.7491039426523297,0.6966666666666667,0.7219343696027634,600,8,12,12,253.9
efficientnet_b0,43,multifuente,original,sdnet_D,sdnet_P+sdnet_W+metu,sdnet_P,False,252,250,50,48,0.8344370860927153,0.84,0.8372093023255814,600,8,12,12,253.9
efficientnet_b0,43,multifuente,original,sdnet_D,sdnet_P+sdnet_W+metu,sdnet_W,False,226,252,48,74,0.8248175182481752,0.7533333333333333,0.7874564459930313,600,8,12,12,253.9
efficientnet_b0,43,multifuente,original,sdnet_D,sdnet_P+sdnet_W+metu,metu,False,299,298,2,1,0.9933554817275748,0.9966666666666668,0.995008319467554,600,8,12,12,253.9
efficientnet_b0,43,multifuente,original,sdnet_P,sdnet_D+sdnet_W+metu,sdnet_D,False,222,215,85,78,0.7231270358306189,0.74,0.7314662273476112,600,6,10,12,228.3
efficientnet_b0,43,multifuente,original,sdnet_P,sdnet_D+sdnet_W+metu,sdnet_P,True,203,257,43,97,0.8252032520325203,0.6766666666666666,0.7435897435897436,600,6,10,12,228.3
efficientnet_b0,43,multifuente,original,sdnet_P,sdnet_D+sdnet_W+metu,sdnet_W,False,243,237,63,57,0.7941176470588235,0.81,0.801980198019802,600,6,10,12,228.3
efficientnet_b0,43,multifuente,original,sdnet_P,sdnet_D+sdnet_W+metu,metu,False,298,299,1,2,0.9966555183946488,0.9933333333333332,0.994991652754591,600,6,10,12,228.3
efficientnet_b0,43,multifuente,original,sdnet_W,sdnet_D+sdnet_P+metu,sdnet_D,False,207,250,50,93,0.8054474708171206,0.69,0.7432675044883303,600,9,12,12,251.5
efficientnet_b0,43,multifuente,original,sdnet_W,sdnet_D+sdnet_P+metu,sdnet_P,False,247,266,34,53,0.8790035587188612,0.8233333333333334,0.8502581755593803,600,9,12,12,251.5
efficientnet_b0,43,multifuente,original,sdnet_W,sdnet_D+sdnet_P+metu,sdnet_W,True,155,290,10,145,0.9393939393939394,0.5166666666666667,0.6666666666666666,600,9,12,12,251.5
efficientnet_b0,43,multifuente,original,sdnet_W,sdnet_D+sdnet_P+metu,metu,False,298,300,0,2,1.0,0.9933333333333332,0.9966555183946488,600,9,12,12,251.5
efficientnet_b0,43,multifuente,original,metu,sdnet_D+sdnet_P+sdnet_W,sdnet_D,False,223,218,82,77,0.7311475409836066,0.7433333333333333,0.7371900826446282,600,3,7,12,143.6
efficientnet_b0,43,multifuente,original,metu,sdnet_D+sdnet_P+sdnet_W,sdnet_P,False,255,237,63,45,0.8018867924528302,0.85,0.8252427184466019,600,3,7,12,143.6
efficientnet_b0,43,multifuente,original,metu,sdnet_D+sdnet_P+sdnet_W,sdnet_W,False,221,254,46,79,0.8277153558052435,0.7366666666666667,0.7795414462081128,600,3,7,12,143.6
efficientnet_b0,43,multifuente,original,metu,sdnet_D+sdnet_P+sdnet_W,metu,True,299,155,145,1,0.6734234234234234,0.9966666666666668,0.803763440860215,600,3,7,12,143.6
efficientnet_b0,44,multifuente,original,sdnet_D,sdnet_P+sdnet_W+metu,sdnet_D,True,203,231,69,97,0.7463235294117647,0.6766666666666666,0.7097902097902098,600,10,12,12,245.7
efficientnet_b0,44,multifuente,original,sdnet_D,sdnet_P+sdnet_W+metu,sdnet_P,False,244,261,39,56,0.8621908127208481,0.8133333333333334,0.8370497427101201,600,10,12,12,245.7
efficientnet_b0,44,multifuente,original,sdnet_D,sdnet_P+sdnet_W+metu,sdnet_W,False,238,238,62,62,0.7933333333333333,0.7933333333333333,0.7933333333333333,600,10,12,12,245.7
efficientnet_b0,44,multifuente,original,sdnet_D,sdnet_P+sdnet_W+metu,metu,False,300,299,1,0,0.9966777408637874,1.0,0.9983361064891848,600,10,12,12,245.7
efficientnet_b0,44,multifuente,original,sdnet_P,sdnet_D+sdnet_W+metu,sdnet_D,False,188,241,59,112,0.7611336032388664,0.6266666666666667,0.6873857404021938,600,2,6,12,123.8
efficientnet_b0,44,multifuente,original,sdnet_P,sdnet_D+sdnet_W+metu,sdnet_P,True,222,208,92,78,0.7070063694267515,0.74,0.7231270358306189,600,2,6,12,123.8
efficientnet_b0,44,multifuente,original,sdnet_P,sdnet_D+sdnet_W+metu,sdnet_W,False,201,271,29,99,0.8739130434782608,0.67,0.7584905660377359,600,2,6,12,123.8
efficientnet_b0,44,multifuente,original,sdnet_P,sdnet_D+sdnet_W+metu,metu,False,299,290,10,1,0.9676375404530744,0.9966666666666668,0.9819376026272578,600,2,6,12,123.8
efficientnet_b0,44,multifuente,original,sdnet_W,sdnet_D+sdnet_P+metu,sdnet_D,False,209,246,54,91,0.7946768060836502,0.6966666666666667,0.7424511545293073,600,10,12,12,244.5
efficientnet_b0,44,multifuente,original,sdnet_W,sdnet_D+sdnet_P+metu,sdnet_P,False,248,256,44,52,0.8493150684931506,0.8266666666666667,0.8378378378378378,600,10,12,12,244.5
efficientnet_b0,44,multifuente,original,sdnet_W,sdnet_D+sdnet_P+metu,sdnet_W,True,194,268,32,106,0.8584070796460177,0.6466666666666666,0.7376425855513308,600,10,12,12,244.5
efficientnet_b0,44,multifuente,original,sdnet_W,sdnet_D+sdnet_P+metu,metu,False,300,300,0,0,1.0,1.0,1.0,600,10,12,12,244.5
efficientnet_b0,44,multifuente,original,metu,sdnet_D+sdnet_P+sdnet_W,sdnet_D,False,221,241,59,79,0.7892857142857143,0.7366666666666667,0.7620689655172413,600,5,9,12,187.1
efficientnet_b0,44,multifuente,original,metu,sdnet_D+sdnet_P+sdnet_W,sdnet_P,False,249,242,58,51,0.8110749185667753,0.83,0.8204283360790774,600,5,9,12,187.1
efficientnet_b0,44,multifuente,original,metu,sdnet_D+sdnet_P+sdnet_W,sdnet_W,False,217,255,45,83,0.8282442748091603,0.7233333333333334,0.7722419928825622,600,5,9,12,187.1
efficientnet_b0,44,multifuente,original,metu,sdnet_D+sdnet_P+sdnet_W,metu,True,277,247,53,23,0.8393939393939394,0.9233333333333332,0.8793650793650793,600,5,9,12,187.1
mobilenetv3_small_100,42,multifuente,original,sdnet_D,sdnet_P+sdnet_W+metu,sdnet_D,True,203,239,61,97,0.7689393939393939,0.6766666666666666,0.7198581560283688,600,6,10,12,206.4
mobilenetv3_small_100,42,multifuente,original,sdnet_D,sdnet_P+sdnet_W+metu,sdnet_P,False,253,251,49,47,0.8377483443708609,0.8433333333333334,0.840531561461794,600,6,10,12,206.4
mobilenetv3_small_100,42,multifuente,original,sdnet_D,sdnet_P+sdnet_W+metu,sdnet_W,False,223,250,50,77,0.8168498168498168,0.7433333333333333,0.7783595113438045,600,6,10,12,206.4
mobilenetv3_small_100,42,multifuente,original,sdnet_D,sdnet_P+sdnet_W+metu,metu,False,300,300,0,0,1.0,1.0,1.0,600,6,10,12,206.4
mobilenetv3_small_100,42,multifuente,original,sdnet_P,sdnet_D+sdnet_W+metu,sdnet_D,False,233,234,66,67,0.7792642140468228,0.7766666666666666,0.7779632721202003,600,7,11,12,199.3
mobilenetv3_small_100,42,multifuente,original,sdnet_P,sdnet_D+sdnet_W+metu,sdnet_P,True,137,262,38,163,0.7828571428571428,0.4566666666666666,0.5768421052631579,600,7,11,12,199.3
mobilenetv3_small_100,42,multifuente,original,sdnet_P,sdnet_D+sdnet_W+metu,sdnet_W,False,228,260,40,72,0.8507462686567164,0.76,0.8028169014084507,600,7,11,12,199.3
mobilenetv3_small_100,42,multifuente,original,sdnet_P,sdnet_D+sdnet_W+metu,metu,False,300,299,1,0,0.9966777408637874,1.0,0.9983361064891848,600,7,11,12,199.3
mobilenetv3_small_100,42,multifuente,original,sdnet_W,sdnet_D+sdnet_P+metu,sdnet_D,False,202,269,31,98,0.8669527896995708,0.6733333333333333,0.7579737335834896,600,2,6,12,107.0
mobilenetv3_small_100,42,multifuente,original,sdnet_W,sdnet_D+sdnet_P+metu,sdnet_P,False,207,284,16,93,0.9282511210762332,0.69,0.7915869980879541,600,2,6,12,107.0
mobilenetv3_small_100,42,multifuente,original,sdnet_W,sdnet_D+sdnet_P+metu,sdnet_W,True,159,267,33,141,0.828125,0.53,0.6463414634146342,600,2,6,12,107.0
mobilenetv3_small_100,42,multifuente,original,sdnet_W,sdnet_D+sdnet_P+metu,metu,False,300,300,0,0,1.0,1.0,1.0,600,2,6,12,107.0
mobilenetv3_small_100,42,multifuente,original,metu,sdnet_D+sdnet_P+sdnet_W,sdnet_D,False,254,200,100,46,0.7175141242937854,0.8466666666666667,0.7767584097859327,600,2,6,12,107.6
mobilenetv3_small_100,42,multifuente,original,metu,sdnet_D+sdnet_P+sdnet_W,sdnet_P,False,259,222,78,41,0.7685459940652819,0.8633333333333333,0.8131868131868132,600,2,6,12,107.6
mobilenetv3_small_100,42,multifuente,original,metu,sdnet_D+sdnet_P+sdnet_W,sdnet_W,False,240,221,79,60,0.7523510971786834,0.8,0.7754442649434572,600,2,6,12,107.6
mobilenetv3_small_100,42,multifuente,original,metu,sdnet_D+sdnet_P+sdnet_W,metu,True,282,239,61,18,0.8221574344023324,0.94,0.8771384136858476,600,2,6,12,107.6
mobilenetv3_small_100,43,multifuente,original,sdnet_D,sdnet_P+sdnet_W+metu,sdnet_D,True,236,195,105,64,0.6920821114369502,0.7866666666666666,0.7363494539781591,600,8,12,12,209.6
mobilenetv3_small_100,43,multifuente,original,sdnet_D,sdnet_P+sdnet_W+metu,sdnet_P,False,244,267,33,56,0.8808664259927798,0.8133333333333334,0.8457538994800693,600,8,12,12,209.6
mobilenetv3_small_100,43,multifuente,original,sdnet_D,sdnet_P+sdnet_W+metu,sdnet_W,False,230,251,49,70,0.8243727598566308,0.7666666666666667,0.7944732297063903,600,8,12,12,209.6
mobilenetv3_small_100,43,multifuente,original,sdnet_D,sdnet_P+sdnet_W+metu,metu,False,300,299,1,0,0.9966777408637874,1.0,0.9983361064891848,600,8,12,12,209.6
mobilenetv3_small_100,43,multifuente,original,sdnet_P,sdnet_D+sdnet_W+metu,sdnet_D,False,223,239,61,77,0.7852112676056338,0.7433333333333333,0.7636986301369864,600,10,12,12,206.4
mobilenetv3_small_100,43,multifuente,original,sdnet_P,sdnet_D+sdnet_W+metu,sdnet_P,True,177,263,37,123,0.8271028037383178,0.59,0.688715953307393,600,10,12,12,206.4
mobilenetv3_small_100,43,multifuente,original,sdnet_P,sdnet_D+sdnet_W+metu,sdnet_W,False,215,254,46,85,0.8237547892720306,0.7166666666666667,0.7664884135472371,600,10,12,12,206.4
mobilenetv3_small_100,43,multifuente,original,sdnet_P,sdnet_D+sdnet_W+metu,metu,False,300,298,2,0,0.9933774834437086,1.0,0.9966777408637874,600,10,12,12,206.4
mobilenetv3_small_100,43,multifuente,original,sdnet_W,sdnet_D+sdnet_P+metu,sdnet_D,False,231,240,60,69,0.7938144329896907,0.77,0.7817258883248731,600,4,8,12,140.2
mobilenetv3_small_100,43,multifuente,original,sdnet_W,sdnet_D+sdnet_P+metu,sdnet_P,False,242,259,41,58,0.8551236749116607,0.8066666666666666,0.8301886792452831,600,4,8,12,140.2
mobilenetv3_small_100,43,multifuente,original,sdnet_W,sdnet_D+sdnet_P+metu,sdnet_W,True,181,260,40,119,0.8190045248868778,0.6033333333333334,0.6948176583493282,600,4,8,12,140.2
mobilenetv3_small_100,43,multifuente,original,sdnet_W,sdnet_D+sdnet_P+metu,metu,False,300,299,1,0,0.9966777408637874,1.0,0.9983361064891848,600,4,8,12,140.2
mobilenetv3_small_100,43,multifuente,original,metu,sdnet_D+sdnet_P+sdnet_W,sdnet_D,False,233,241,59,67,0.797945205479452,0.7766666666666666,0.7871621621621622,600,2,6,12,102.4
mobilenetv3_small_100,43,multifuente,original,metu,sdnet_D+sdnet_P+sdnet_W,sdnet_P,False,261,229,71,39,0.786144578313253,0.87,0.8259493670886076,600,2,6,12,102.4
mobilenetv3_small_100,43,multifuente,original,metu,sdnet_D+sdnet_P+sdnet_W,sdnet_W,False,218,252,48,82,0.8195488721804511,0.7266666666666667,0.7703180212014135,600,2,6,12,102.4
mobilenetv3_small_100,43,multifuente,original,metu,sdnet_D+sdnet_P+sdnet_W,metu,True,298,254,46,2,0.8662790697674418,0.9933333333333332,0.9254658385093169,600,2,6,12,102.4
mobilenetv3_small_100,44,multifuente,original,sdnet_D,sdnet_P+sdnet_W+metu,sdnet_D,True,222,219,81,78,0.7326732673267327,0.74,0.736318407960199,600,9,12,12,215.3
mobilenetv3_small_100,44,multifuente,original,sdnet_D,sdnet_P+sdnet_W+metu,sdnet_P,False,249,262,38,51,0.867595818815331,0.83,0.848381601362862,600,9,12,12,215.3
mobilenetv3_small_100,44,multifuente,original,sdnet_D,sdnet_P+sdnet_W+metu,sdnet_W,False,229,259,41,71,0.8481481481481481,0.7633333333333333,0.8035087719298246,600,9,12,12,215.3
mobilenetv3_small_100,44,multifuente,original,sdnet_D,sdnet_P+sdnet_W+metu,metu,False,300,298,2,0,0.9933774834437086,1.0,0.9966777408637874,600,9,12,12,215.3
mobilenetv3_small_100,44,multifuente,original,sdnet_P,sdnet_D+sdnet_W+metu,sdnet_D,False,225,229,71,75,0.7601351351351351,0.75,0.7550335570469798,600,5,9,12,163.9
mobilenetv3_small_100,44,multifuente,original,sdnet_P,sdnet_D+sdnet_W+metu,sdnet_P,True,139,273,27,161,0.8373493975903614,0.4633333333333333,0.5965665236051502,600,5,9,12,163.9
mobilenetv3_small_100,44,multifuente,original,sdnet_P,sdnet_D+sdnet_W+metu,sdnet_W,False,210,264,36,90,0.8536585365853658,0.7,0.7692307692307693,600,5,9,12,163.9
mobilenetv3_small_100,44,multifuente,original,sdnet_P,sdnet_D+sdnet_W+metu,metu,False,298,297,3,2,0.9900332225913622,0.9933333333333332,0.9916805324459236,600,5,9,12,163.9
mobilenetv3_small_100,44,multifuente,original,sdnet_W,sdnet_D+sdnet_P+metu,sdnet_D,False,217,274,26,83,0.8930041152263375,0.7233333333333334,0.7992633517495396,600,5,9,12,149.1
mobilenetv3_small_100,44,multifuente,original,sdnet_W,sdnet_D+sdnet_P+metu,sdnet_P,False,224,266,34,76,0.8682170542635659,0.7466666666666667,0.8028673835125448,600,5,9,12,149.1
mobilenetv3_small_100,44,multifuente,original,sdnet_W,sdnet_D+sdnet_P+metu,sdnet_W,True,153,267,33,147,0.8225806451612904,0.51,0.6296296296296297,600,5,9,12,149.1
mobilenetv3_small_100,44,multifuente,original,sdnet_W,sdnet_D+sdnet_P+metu,metu,False,299,299,1,1,0.9966666666666668,0.9966666666666668,0.9966666666666668,600,5,9,12,149.1
mobilenetv3_small_100,44,multifuente,original,metu,sdnet_D+sdnet_P+sdnet_W,sdnet_D,False,246,228,72,54,0.7735849056603774,0.82,0.7961165048543689,600,7,11,12,182.9
mobilenetv3_small_100,44,multifuente,original,metu,sdnet_D+sdnet_P+sdnet_W,sdnet_P,False,263,239,61,37,0.8117283950617284,0.8766666666666667,0.842948717948718,600,7,11,12,182.9
mobilenetv3_small_100,44,multifuente,original,metu,sdnet_D+sdnet_P+sdnet_W,sdnet_W,False,214,262,38,86,0.8492063492063492,0.7133333333333334,0.7753623188405797,600,7,11,12,182.9
mobilenetv3_small_100,44,multifuente,original,metu,sdnet_D+sdnet_P+sdnet_W,metu,True,291,275,25,9,0.9208860759493672,0.97,0.9448051948051948,600,7,11,12,182.9
vit_tiny_patch16_224,42,multifuente,original,sdnet_D,sdnet_P+sdnet_W+metu,sdnet_D,True,228,194,106,72,0.6826347305389222,0.76,0.7192429022082019,600,3,7,12,109.5
vit_tiny_patch16_224,42,multifuente,original,sdnet_D,sdnet_P+sdnet_W+metu,sdnet_P,False,233,255,45,67,0.8381294964028777,0.7766666666666666,0.8062283737024222,600,3,7,12,109.5
vit_tiny_patch16_224,42,multifuente,original,sdnet_D,sdnet_P+sdnet_W+metu,sdnet_W,False,216,262,38,84,0.8503937007874016,0.72,0.779783393501805,600,3,7,12,109.5
vit_tiny_patch16_224,42,multifuente,original,sdnet_D,sdnet_P+sdnet_W+metu,metu,False,299,294,6,1,0.980327868852459,0.9966666666666668,0.9884297520661156,600,3,7,12,109.5
vit_tiny_patch16_224,42,multifuente,original,sdnet_P,sdnet_D+sdnet_W+metu,sdnet_D,False,241,233,67,59,0.7824675324675324,0.8033333333333333,0.7927631578947368,600,4,8,12,126.1
vit_tiny_patch16_224,42,multifuente,original,sdnet_P,sdnet_D+sdnet_W+metu,sdnet_P,True,232,220,80,68,0.7435897435897436,0.7733333333333333,0.7581699346405228,600,4,8,12,126.1
vit_tiny_patch16_224,42,multifuente,original,sdnet_P,sdnet_D+sdnet_W+metu,sdnet_W,False,243,234,66,57,0.7864077669902912,0.81,0.7980295566502463,600,4,8,12,126.1
vit_tiny_patch16_224,42,multifuente,original,sdnet_P,sdnet_D+sdnet_W+metu,metu,False,299,294,6,1,0.980327868852459,0.9966666666666668,0.9884297520661156,600,4,8,12,126.1
vit_tiny_patch16_224,42,multifuente,original,sdnet_W,sdnet_D+sdnet_P+metu,sdnet_D,False,230,258,42,70,0.8455882352941176,0.7666666666666667,0.8041958041958042,600,2,6,12,92.6
vit_tiny_patch16_224,42,multifuente,original,sdnet_W,sdnet_D+sdnet_P+metu,sdnet_P,False,224,272,28,76,0.8888888888888888,0.7466666666666667,0.8115942028985508,600,2,6,12,92.6
vit_tiny_patch16_224,42,multifuente,original,sdnet_W,sdnet_D+sdnet_P+metu,sdnet_W,True,167,264,36,133,0.8226600985221675,0.5566666666666666,0.6640159045725647,600,2,6,12,92.6
vit_tiny_patch16_224,42,multifuente,original,sdnet_W,sdnet_D+sdnet_P+metu,metu,False,300,287,13,0,0.9584664536741214,1.0,0.9787928221859706,600,2,6,12,92.6
vit_tiny_patch16_224,42,multifuente,original,metu,sdnet_D+sdnet_P+sdnet_W,sdnet_D,False,245,205,95,55,0.7205882352941176,0.8166666666666667,0.765625,600,0,4,12,62.8
vit_tiny_patch16_224,42,multifuente,original,metu,sdnet_D+sdnet_P+sdnet_W,sdnet_P,False,239,244,56,61,0.8101694915254237,0.7966666666666666,0.8033613445378152,600,0,4,12,62.8
vit_tiny_patch16_224,42,multifuente,original,metu,sdnet_D+sdnet_P+sdnet_W,sdnet_W,False,190,275,25,110,0.8837209302325582,0.6333333333333333,0.7378640776699029,600,0,4,12,62.8
vit_tiny_patch16_224,42,multifuente,original,metu,sdnet_D+sdnet_P+sdnet_W,metu,True,295,286,14,5,0.9546925566343042,0.9833333333333332,0.9688013136289,600,0,4,12,62.8
vit_tiny_patch16_224,43,multifuente,original,sdnet_D,sdnet_P+sdnet_W+metu,sdnet_D,True,209,241,59,91,0.7798507462686567,0.6966666666666667,0.7359154929577465,600,2,6,12,91.7
vit_tiny_patch16_224,43,multifuente,original,sdnet_D,sdnet_P+sdnet_W+metu,sdnet_P,False,237,251,49,63,0.8286713286713286,0.79,0.8088737201365188,600,2,6,12,91.7
vit_tiny_patch16_224,43,multifuente,original,sdnet_D,sdnet_P+sdnet_W+metu,sdnet_W,False,203,282,18,97,0.918552036199095,0.6766666666666666,0.7792706333973128,600,2,6,12,91.7
vit_tiny_patch16_224,43,multifuente,original,sdnet_D,sdnet_P+sdnet_W+metu,metu,False,299,299,1,1,0.9966666666666668,0.9966666666666668,0.9966666666666668,600,2,6,12,91.7
vit_tiny_patch16_224,43,multifuente,original,sdnet_P,sdnet_D+sdnet_W+metu,sdnet_D,False,206,268,32,94,0.865546218487395,0.6866666666666666,0.7657992565055762,600,2,6,12,98.8
vit_tiny_patch16_224,43,multifuente,original,sdnet_P,sdnet_D+sdnet_W+metu,sdnet_P,True,226,243,57,74,0.7985865724381626,0.7533333333333333,0.7753001715265866,600,2,6,12,98.8
vit_tiny_patch16_224,43,multifuente,original,sdnet_P,sdnet_D+sdnet_W+metu,sdnet_W,False,196,273,27,104,0.8789237668161435,0.6533333333333333,0.7495219885277247,600,2,6,12,98.8
vit_tiny_patch16_224,43,multifuente,original,sdnet_P,sdnet_D+sdnet_W+metu,metu,False,300,295,5,0,0.9836065573770492,1.0,0.9917355371900828,600,2,6,12,98.8
vit_tiny_patch16_224,43,multifuente,original,sdnet_W,sdnet_D+sdnet_P+metu,sdnet_D,False,220,236,64,80,0.7746478873239436,0.7333333333333333,0.7534246575342466,600,1,5,12,80.9
vit_tiny_patch16_224,43,multifuente,original,sdnet_W,sdnet_D+sdnet_P+metu,sdnet_P,False,241,260,40,59,0.8576512455516014,0.8033333333333333,0.8296041308089501,600,1,5,12,80.9
vit_tiny_patch16_224,43,multifuente,original,sdnet_W,sdnet_D+sdnet_P+metu,sdnet_W,True,176,246,54,124,0.7652173913043478,0.5866666666666667,0.6641509433962264,600,1,5,12,80.9
vit_tiny_patch16_224,43,multifuente,original,sdnet_W,sdnet_D+sdnet_P+metu,metu,False,300,292,8,0,0.974025974025974,1.0,0.986842105263158,600,1,5,12,80.9
vit_tiny_patch16_224,43,multifuente,original,metu,sdnet_D+sdnet_P+sdnet_W,sdnet_D,False,256,225,75,44,0.7734138972809668,0.8533333333333334,0.8114104595879557,600,6,10,12,153.6
vit_tiny_patch16_224,43,multifuente,original,metu,sdnet_D+sdnet_P+sdnet_W,sdnet_P,False,265,225,75,35,0.7794117647058824,0.8833333333333333,0.828125,600,6,10,12,153.6
vit_tiny_patch16_224,43,multifuente,original,metu,sdnet_D+sdnet_P+sdnet_W,sdnet_W,False,233,229,71,67,0.7664473684210527,0.7766666666666666,0.7715231788079471,600,6,10,12,153.6
vit_tiny_patch16_224,43,multifuente,original,metu,sdnet_D+sdnet_P+sdnet_W,metu,True,299,240,60,1,0.8328690807799443,0.9966666666666668,0.9074355083459787,600,6,10,12,153.6
vit_tiny_patch16_224,44,multifuente,original,sdnet_D,sdnet_P+sdnet_W+metu,sdnet_D,True,258,180,120,42,0.6825396825396826,0.86,0.7610619469026548,600,2,6,12,94.2
vit_tiny_patch16_224,44,multifuente,original,sdnet_D,sdnet_P+sdnet_W+metu,sdnet_P,False,258,228,72,42,0.7818181818181819,0.86,0.819047619047619,600,2,6,12,94.2
vit_tiny_patch16_224,44,multifuente,original,sdnet_D,sdnet_P+sdnet_W+metu,sdnet_W,False,240,240,60,60,0.8,0.8,0.8,600,2,6,12,94.2
vit_tiny_patch16_224,44,multifuente,original,sdnet_D,sdnet_P+sdnet_W+metu,metu,False,300,298,2,0,0.9933774834437086,1.0,0.9966777408637874,600,2,6,12,94.2
vit_tiny_patch16_224,44,multifuente,original,sdnet_P,sdnet_D+sdnet_W+metu,sdnet_D,False,230,233,67,70,0.7744107744107744,0.7666666666666667,0.7705192629815746,600,3,7,12,109.4
vit_tiny_patch16_224,44,multifuente,original,sdnet_P,sdnet_D+sdnet_W+metu,sdnet_P,True,234,230,70,66,0.7697368421052632,0.78,0.7748344370860927,600,3,7,12,109.4
vit_tiny_patch16_224,44,multifuente,original,sdnet_P,sdnet_D+sdnet_W+metu,sdnet_W,False,185,274,26,115,0.8767772511848341,0.6166666666666667,0.7240704500978473,600,3,7,12,109.4
vit_tiny_patch16_224,44,multifuente,original,sdnet_P,sdnet_D+sdnet_W+metu,metu,False,300,297,3,0,0.99009900990099,1.0,0.9950248756218906,600,3,7,12,109.4
vit_tiny_patch16_224,44,multifuente,original,sdnet_W,sdnet_D+sdnet_P+metu,sdnet_D,False,231,253,47,69,0.8309352517985612,0.77,0.7993079584775087,600,2,6,12,96.2
vit_tiny_patch16_224,44,multifuente,original,sdnet_W,sdnet_D+sdnet_P+metu,sdnet_P,False,240,263,37,60,0.8664259927797834,0.8,0.8318890814558059,600,2,6,12,96.2
vit_tiny_patch16_224,44,multifuente,original,sdnet_W,sdnet_D+sdnet_P+metu,sdnet_W,True,194,259,41,106,0.825531914893617,0.6466666666666666,0.7252336448598131,600,2,6,12,96.2
vit_tiny_patch16_224,44,multifuente,original,sdnet_W,sdnet_D+sdnet_P+metu,metu,False,300,295,5,0,0.9836065573770492,1.0,0.9917355371900828,600,2,6,12,96.2
vit_tiny_patch16_224,44,multifuente,original,metu,sdnet_D+sdnet_P+sdnet_W,sdnet_D,False,249,216,84,51,0.7477477477477478,0.83,0.7867298578199052,600,1,5,12,80.4
vit_tiny_patch16_224,44,multifuente,original,metu,sdnet_D+sdnet_P+sdnet_W,sdnet_P,False,254,248,52,46,0.8300653594771242,0.8466666666666667,0.8382838283828383,600,1,5,12,80.4
vit_tiny_patch16_224,44,multifuente,original,metu,sdnet_D+sdnet_P+sdnet_W,sdnet_W,False,214,256,44,86,0.8294573643410853,0.7133333333333334,0.7670250896057348,600,1,5,12,80.4
vit_tiny_patch16_224,44,multifuente,original,metu,sdnet_D+sdnet_P+sdnet_W,metu,True,299,233,67,1,0.8169398907103825,0.9966666666666667,0.8978978978978979,600,1,5,12,80.4
