arquitectura,semilla,condicion,particion,dominio_train,dominio_test,diagonal,tp,tn,fp,fn,precision,recall,f1,n_test,mejor_epoca,epocas_entrenadas,epocas_max,segundos_entrenamiento
resnet18,42,baseline,original,sdnet_D,sdnet_D,True,229,254,46,71,0.8327272727272728,0.7633333333333333,0.7965217391304348,600,7,11,12,164.3
resnet18,42,baseline,original,sdnet_D,sdnet_P,False,135,292,8,165,0.944055944055944,0.45,0.6094808126410836,600,7,11,12,164.3
resnet18,42,baseline,original,sdnet_D,sdnet_W,False,172,286,14,128,0.9247311827956988,0.5733333333333334,0.7078189300411523,600,7,11,12,164.3
resnet18,42,baseline,original,sdnet_D,metu,False,206,272,28,94,0.8803418803418803,0.6866666666666666,0.7715355805243446,600,7,11,12,164.3
resnet18,42,baseline,original,sdnet_P,sdnet_D,False,178,282,18,122,0.9081632653061223,0.5933333333333334,0.717741935483871,600,9,12,12,176.7
resnet18,42,baseline,original,sdnet_P,sdnet_P,True,257,265,35,43,0.8801369863013698,0.8566666666666667,0.8682432432432432,600,9,12,12,176.7
resnet18,42,baseline,original,sdnet_P,sdnet_W,False,139,271,29,161,0.8273809523809523,0.4633333333333333,0.594017094017094,600,9,12,12,176.7
resnet18,42,baseline,original,sdnet_P,metu,False,274,289,11,26,0.9614035087719298,0.9133333333333332,0.9367521367521368,600,9,12,12,176.7
resnet18,42,baseline,original,sdnet_W,sdnet_D,False,234,226,74,66,0.7597402597402597,0.78,0.7697368421052632,600,6,10,12,147.7
resnet18,42,baseline,original,sdnet_W,sdnet_P,False,225,249,51,75,0.8152173913043478,0.75,0.78125,600,6,10,12,147.7
resnet18,42,baseline,original,sdnet_W,sdnet_W,True,243,274,26,57,0.9033457249070632,0.81,0.8541300527240774,600,6,10,12,147.7
resnet18,42,baseline,original,sdnet_W,metu,False,258,248,52,42,0.832258064516129,0.86,0.8459016393442623,600,6,10,12,147.7
resnet18,42,baseline,original,metu,sdnet_D,False,61,284,16,239,0.7922077922077922,0.20333333333333334,0.32360742705570295,600,2,6,12,89.4
resnet18,42,baseline,original,metu,sdnet_P,False,192,255,45,108,0.810126582278481,0.64,0.7150837988826816,600,2,6,12,89.4
resnet18,42,baseline,original,metu,sdnet_W,False,57,292,8,243,0.8769230769230769,0.19,0.31232876712328766,600,2,6,12,89.4
resnet18,42,baseline,original,metu,metu,True,300,300,0,0,1.0,1.0,1.0,600,2,6,12,89.4
