arquitectura,semilla,condicion,particion,dominio_train,epoca,perdida_train,f1_val,exactitud_val
resnet18,42,baseline,original,sdnet_D,0,0.6189773031643458,0.717391304347826,0.6966666666666667
resnet18,42,baseline,original,sdnet_D,1,0.4581278918470655,0.6976744186046512,0.7616666666666667
resnet18,42,baseline,original,sdnet_D,2,0.3717823425361088,0.7619047619047619,0.8
resnet18,42,baseline,original,sdnet_D,3,0.314902537039348,0.7701149425287356,0.8
resnet18,42,baseline,original,sdnet_D,4,0.2726705477918897,0.7844660194174757,0.815
resnet18,42,baseline,original,sdnet_D,5,0.2242800377096448,0.7733333333333333,0.8016666666666666
resnet18,42,baseline,original,sdnet_D,6,0.1781730054106031,0.7868217054263565,0.8166666666666667
resnet18,42,baseline,original,sdnet_D,7,0.1412812172515051,0.8077601410934744,0.8183333333333334
resnet18,42,baseline,original,sdnet_D,8,0.1248500669854027,0.7927272727272727,0.81
resnet18,42,baseline,original,sdnet_D,9,0.1148069644825799,0.8,0.8133333333333334
resnet18,42,baseline,original,sdnet_D,10,0.1075217534388814,0.8051948051948052,0.825
resnet18,42,baseline,original,sdnet_P,0,0.6243642585618155,0.7616511318242344,0.7016666666666667
resnet18,42,baseline,original,sdnet_P,1,0.4116071695940835,0.8185185185185185,0.8366666666666667
resnet18,42,baseline,original,sdnet_P,2,0.2900507427964892,0.835820895522388,0.8533333333333334
resnet18,42,baseline,original,sdnet_P,3,0.2200289230687277,0.8647686832740213,0.8733333333333333
resnet18,42,baseline,original,sdnet_P,4,0.1714431158133915,0.872852233676976,0.8766666666666667
resnet18,42,baseline,original,sdnet_P,5,0.1293791585309165,0.8704318936877077,0.87
resnet18,42,baseline,original,sdnet_P,6,0.0967241382598877,0.875,0.8766666666666667
resnet18,42,baseline,original,sdnet_P,7,0.0703913493241582,0.8794567062818336,0.8816666666666667
resnet18,42,baseline,original,sdnet_P,8,0.0622147303393908,0.8831615120274914,0.8866666666666667
resnet18,42,baseline,original,sdnet_P,9,0.0539803222886153,0.8854700854700854,0.8883333333333333
resnet18,42,baseline,original,sdnet_P,10,0.0496783652901649,0.8835616438356164,0.8866666666666667
resnet18,42,baseline,original,sdnet_P,11,0.0458842023142746,0.8816466552315609,0.885
resnet18,42,baseline,original,sdnet_W,0,0.5874012621811459,0.7722473604826546,0.7483333333333333
resnet18,42,baseline,original,sdnet_W,1,0.4003793905462537,0.8029197080291971,0.82
resnet18,42,baseline,original,sdnet_W,2,0.3041705628803798,0.7984790874524715,0.8233333333333334
resnet18,42,baseline,original,sdnet_W,3,0.239682999423572,0.8155038759689922,0.8016666666666666
resnet18,42,baseline,original,sdnet_W,4,0.1892588192224502,0.8313856427378965,0.8316666666666667
resnet18,42,baseline,original,sdnet_W,5,0.1526206732647759,0.856175972927242,0.8583333333333333
resnet18,42,baseline,original,sdnet_W,6,0.1153873567496027,0.8576449912126538,0.865
resnet18,42,baseline,original,sdnet_W,7,0.0966619117770876,0.8186528497409327,0.825
resnet18,42,baseline,original,sdnet_W,8,0.079048544381346,0.8339100346020761,0.84
resnet18,42,baseline,original,sdnet_W,9,0.0685678139967577,0.8452173913043478,0.8516666666666667
resnet18,42,baseline,original,metu,0,0.3184041555012975,0.9917081260364843,0.9916666666666667
resnet18,42,baseline,original,metu,1,0.02506405872691955,0.9966666666666667,0.9966666666666667
resnet18,42,baseline,original,metu,2,0.008770626484017286,1.0,1.0
resnet18,42,baseline,original,metu,3,0.004861783981988473,0.998330550918197,0.9983333333333333
resnet18,42,baseline,original,metu,4,0.0038604141555593483,0.998330550918197,0.9983333333333333
resnet18,42,baseline,original,metu,5,0.003976287713740021,0.998330550918197,0.9983333333333333
